event_id,dt,region,channel,amount
E000001,2024-03-01,NAM,app,179.96
E000002,2024-03-01,NAM,app,48.92
E000003,2024-03-01,NAM,store,63.53
E000004,2024-03-01,NAM,web,6.03
E000005,2024-03-01,NAM,store,165.14
E000006,2024-03-01,NAM,web,96.25
E000007,2024-03-01,NAM,store,64.09
E000008,2024-03-01,NAM,app,54.7
E000009,2024-03-01,NAM,web,91.79
E000010,2024-03-01,NAM,app,112.93
E000011,2024-03-01,NAM,app,199.12
E000012,2024-03-01,NAM,store,126.32
E000013,2024-03-01,NAM,store,197.85
E000014,2024-03-01,NAM,app,36.24
E000015,2024-03-01,NAM,web,124.45
E000016,2024-03-01,NAM,web,11.96
E000017,2024-03-01,NAM,web,105.4
E000018,2024-03-01,NAM,store,183.85
E000019,2024-03-01,NAM,app,127.7
E000020,2024-03-01,NAM,app,101.89
E000021,2024-03-01,NAM,app,53.27
E000022,2024-03-01,NAM,store,42.52
E000023,2024-03-01,NAM,web,139.95
E000024,2024-03-01,NAM,store,77.06
E000025,2024-03-01,NAM,web,5.73
E000026,2024-03-01,NAM,app,35.12
E000027,2024-03-01,NAM,store,57.18
E000028,2024-03-01,NAM,store,104.41
E000029,2024-03-01,NAM,store,170.19
E000030,2024-03-01,NAM,store,149.65
E000031,2024-03-01,NAM,app,22.84
E000032,2024-03-01,NAM,web,104.02
E000033,2024-03-01,NAM,app,174.91
E000034,2024-03-01,NAM,store,121.65
E000035,2024-03-01,NAM,app,16.55
E000036,2024-03-01,NAM,app,67.99
E000037,2024-03-01,NAM,app,34.29
E000038,2024-03-01,NAM,app,78.99
E000039,2024-03-01,NAM,store,195.86
E000040,2024-03-01,NAM,app,122.99
E000041,2024-03-01,NAM,app,129.41
E000042,2024-03-01,NAM,app,34.4
E000043,2024-03-01,NAM,store,90.86
E000044,2024-03-01,NAM,app,83.49
E000045,2024-03-01,NAM,web,23.86
E000046,2024-03-01,NAM,app,46.93
E000047,2024-03-01,NAM,store,135.99
E000048,2024-03-01,NAM,web,175.45
E000049,2024-03-01,NAM,web,134.13
E000050,2024-03-01,NAM,app,169.79
E000051,2024-03-01,NAM,web,189.26
E000052,2024-03-01,NAM,app,116.1
E000053,2024-03-01,NAM,store,33.36
E000054,2024-03-01,NAM,app,185.94
E000055,2024-03-01,NAM,web,112.7
E000056,2024-03-01,NAM,web,177.39
E000057,2024-03-01,NAM,web,130.11
E000058,2024-03-01,NAM,app,78.38
E000059,2024-03-01,NAM,app,85.14
E000060,2024-03-01,NAM,web,12.42
E000061,2024-03-01,NAM,web,175.86
E000062,2024-03-01,NAM,app,111.79
E000063,2024-03-01,NAM,app,67.82
E000064,2024-03-01,NAM,app,9.91
E000065,2024-03-01,NAM,store,77.58
E000066,2024-03-01,NAM,store,28.96
E000067,2024-03-01,NAM,web,193.59
E000068,2024-03-01,NAM,web,88.5
E000069,2024-03-01,NAM,app,107.13
E000070,2024-03-01,NAM,app,72.12
E000071,2024-03-01,NAM,store,120.11
E000072,2024-03-01,NAM,web,74.31
E000073,2024-03-01,NAM,store,106.22
E000074,2024-03-01,NAM,app,182.29
E000075,2024-03-01,NAM,store,34.46
E000076,2024-03-01,NAM,app,6.01
E000077,2024-03-01,NAM,store,151.83
E000078,2024-03-01,NAM,store,31.67
E000079,2024-03-01,NAM,store,86.69
E000080,2024-03-01,NAM,store,7.78
E000081,2024-03-01,NAM,store,127.55
E000082,2024-03-01,NAM,app,105.04
E000083,2024-03-01,NAM,store,146.54
E000084,2024-03-01,NAM,web,43.71
E000085,2024-03-01,NAM,web,75.81
E000086,2024-03-01,NAM,web,72.48
E000087,2024-03-01,NAM,web,189.88
E000088,2024-03-01,EU,app,71.31
E000089,2024-03-01,EU,web,190.65
E000090,2024-03-01,EU,web,91.67
E000091,2024-03-01,EU,web,105.53
E000092,2024-03-01,EU,store,106.63
E000093,2024-03-01,EU,store,149.84
E000094,2024-03-01,EU,store,118.23
E000095,2024-03-01,EU,store,176.25
E000096,2024-03-01,EU,app,85.27
E000097,2024-03-01,EU,store,18.4
E000098,2024-03-01,EU,store,88.85
E000099,2024-03-01,EU,web,190.43
E000100,2024-03-01,EU,app,53.94
E000101,2024-03-01,EU,store,136.91
E000102,2024-03-01,EU,store,144.83
E000103,2024-03-01,EU,web,194.45
E000104,2024-03-01,EU,app,69.87
E000105,2024-03-01,EU,app,44.57
E000106,2024-03-01,EU,app,14.89
E000107,2024-03-01,EU,app,183.52
E000108,2024-03-01,EU,web,168.83
E000109,2024-03-01,EU,app,122.74
E000110,2024-03-01,EU,web,98.44
E000111,2024-03-01,EU,web,133.56
E000112,2024-03-01,EU,app,64.8
E000113,2024-03-01,EU,web,95.84
E000114,2024-03-01,EU,store,127.48
E000115,2024-03-01,EU,app,40.86
E000116,2024-03-01,EU,app,17.06
E000117,2024-03-01,EU,store,153.99
E000118,2024-03-01,EU,app,163.97
E000119,2024-03-01,EU,store,27.07
E000120,2024-03-01,EU,store,183.1
E000121,2024-03-01,EU,store,176.15
E000122,2024-03-01,EU,store,107.04
E000123,2024-03-01,EU,store,14.1
E000124,2024-03-01,EU,store,10.91
E000125,2024-03-01,EU,app,54.29
E000126,2024-03-01,EU,web,53.47
E000127,2024-03-01,EU,store,115.58
E000128,2024-03-01,EU,web,12.6
E000129,2024-03-01,EU,web,37.37
E000130,2024-03-01,EU,app,137.19
E000131,2024-03-01,EU,web,65.56
E000132,2024-03-01,EU,web,187.98
E000133,2024-03-01,EU,store,163.26
E000134,2024-03-01,EU,app,133.32
E000135,2024-03-01,EU,web,42.29
E000136,2024-03-01,EU,app,117.01
E000137,2024-03-01,EU,app,161.32
E000138,2024-03-01,EU,web,192.21
E000139,2024-03-01,EU,store,14.89
E000140,2024-03-01,EU,store,71.04
E000141,2024-03-01,EU,store,26.98
E000142,2024-03-01,EU,web,127.19
E000143,2024-03-01,EU,web,66.18
E000144,2024-03-01,EU,store,173.25
E000145,2024-03-01,EU,app,30.18
E000146,2024-03-01,EU,store,154.54
E000147,2024-03-01,EU,store,43.47
E000148,2024-03-01,EU,store,116.86
E000149,2024-03-01,EU,app,123.82
E000150,2024-03-01,EU,app,23.77
E000151,2024-03-01,EU,app,128.23
E000152,2024-03-01,EU,app,165.66
E000153,2024-03-01,EU,store,68.8
E000154,2024-03-01,EU,store,145.8
E000155,2024-03-01,EU,web,179.12
E000156,2024-03-01,EU,store,36.49
E000157,2024-03-01,EU,app,131.91
E000158,2024-03-01,EU,web,46.86
E000159,2024-03-01,EU,web,189.24
E000160,2024-03-01,EU,app,78.97
E000161,2024-03-01,EU,web,94.02
E000162,2024-03-01,EU,web,133.16
E000163,2024-03-01,EU,app,79.21
E000164,2024-03-01,EU,web,31.08
E000165,2024-03-01,EU,web,166.96
E000166,2024-03-01,EU,app,78.49
E000167,2024-03-01,EU,web,110.21
E000168,2024-03-01,EU,app,46.94
E000169,2024-03-01,EU,store,69.32
E000170,2024-03-01,EU,web,94.2
E000171,2024-03-01,APAC,web,151.78
E000172,2024-03-01,APAC,store,63.44
E000173,2024-03-01,APAC,app,20.12
E000174,2024-03-01,APAC,web,30.56
E000175,2024-03-01,APAC,store,30.98
E000176,2024-03-01,APAC,store,20.85
E000177,2024-03-01,APAC,web,181.75
E000178,2024-03-01,APAC,store,64.75
E000179,2024-03-01,APAC,web,167.39
E000180,2024-03-01,APAC,app,41.49
E000181,2024-03-01,APAC,app,89.79
E000182,2024-03-01,APAC,web,78.2
E000183,2024-03-01,APAC,store,143.62
E000184,2024-03-01,APAC,app,146.83
E000185,2024-03-01,APAC,web,156.41
E000186,2024-03-01,APAC,app,136.47
E000187,2024-03-01,APAC,store,77.29
E000188,2024-03-01,APAC,store,106.16
E000189,2024-03-01,APAC,web,152.7
E000190,2024-03-01,APAC,store,56.92
E000191,2024-03-01,APAC,web,109.54
E000192,2024-03-01,APAC,web,179.83
E000193,2024-03-01,APAC,store,29.52
E000194,2024-03-01,APAC,store,160.91
E000195,2024-03-01,APAC,web,130.68
E000196,2024-03-01,APAC,web,199.37
E000197,2024-03-01,APAC,store,188.14
E000198,2024-03-01,APAC,store,156.54
E000199,2024-03-01,APAC,store,82.03
E000200,2024-03-01,APAC,web,40.97
E000201,2024-03-01,APAC,app,153.1
E000202,2024-03-01,APAC,app,145.65
E000203,2024-03-01,APAC,store,91.74
E000204,2024-03-01,APAC,web,86.86
E000205,2024-03-01,APAC,app,11.5
E000206,2024-03-01,APAC,app,110.76
E000207,2024-03-01,APAC,store,80.57
E000208,2024-03-01,APAC,store,145.72
E000209,2024-03-01,APAC,app,79.38
E000210,2024-03-01,APAC,web,184.3
E000211,2024-03-01,APAC,store,80.55
E000212,2024-03-01,APAC,store,153.27
E000213,2024-03-01,APAC,web,198.63
E000214,2024-03-01,APAC,web,143.97
E000215,2024-03-01,APAC,web,165.94
E000216,2024-03-01,APAC,app,29.06
E000217,2024-03-01,APAC,store,22.9
E000218,2024-03-01,APAC,store,27.77
E000219,2024-03-01,APAC,store,39.48
E000220,2024-03-01,APAC,app,92.02
E000221,2024-03-01,APAC,app,151.33
E000222,2024-03-01,APAC,store,183.31
E000223,2024-03-01,APAC,web,47.35
E000224,2024-03-01,APAC,store,18.18
E000225,2024-03-01,APAC,store,97.31
E000226,2024-03-01,APAC,web,66.19
E000227,2024-03-01,APAC,web,65.88
E000228,2024-03-01,APAC,app,93.73
E000229,2024-03-01,APAC,store,16.07
E000230,2024-03-01,APAC,store,178.3
E000231,2024-03-01,APAC,store,183.68
E000232,2024-03-01,APAC,app,81.85
E000233,2024-03-01,APAC,web,49.3
E000234,2024-03-01,APAC,app,11.44
E000235,2024-03-01,APAC,web,103.15
E000236,2024-03-01,APAC,store,39.38
E000237,2024-03-01,APAC,web,172.79
E000238,2024-03-01,APAC,app,40.82
E000239,2024-03-01,APAC,app,135.62
E000240,2024-03-02,NAM,web,107.75
E000241,2024-03-02,NAM,store,105.65
E000242,2024-03-02,NAM,web,127.56
E000243,2024-03-02,NAM,app,82.14
E000244,2024-03-02,NAM,app,159.21
E000245,2024-03-02,NAM,web,39.98
E000246,2024-03-02,NAM,store,31.58
E000247,2024-03-02,NAM,app,196.02
E000248,2024-03-02,NAM,web,188.61
E000249,2024-03-02,NAM,web,194.13
E000250,2024-03-02,NAM,web,45.52
E000251,2024-03-02,NAM,store,101.99
E000252,2024-03-02,NAM,app,183.42
E000253,2024-03-02,NAM,store,66.49
E000254,2024-03-02,NAM,web,122.0
E000255,2024-03-02,NAM,store,51.13
E000256,2024-03-02,NAM,web,95.69
E000257,2024-03-02,NAM,store,153.39
E000258,2024-03-02,NAM,store,166.65
E000259,2024-03-02,NAM,store,143.01
E000260,2024-03-02,NAM,store,170.69
E000261,2024-03-02,NAM,store,148.46
E000262,2024-03-02,NAM,store,63.82
E000263,2024-03-02,NAM,web,152.52
E000264,2024-03-02,NAM,web,37.34
E000265,2024-03-02,NAM,app,121.35
E000266,2024-03-02,NAM,store,69.24
E000267,2024-03-02,NAM,store,35.25
E000268,2024-03-02,NAM,store,105.32
E000269,2024-03-02,NAM,web,193.26
E000270,2024-03-02,NAM,web,117.2
E000271,2024-03-02,NAM,app,59.97
E000272,2024-03-02,NAM,store,161.35
E000273,2024-03-02,NAM,app,130.52
E000274,2024-03-02,NAM,store,190.36
E000275,2024-03-02,NAM,web,85.94
E000276,2024-03-02,NAM,app,139.96
E000277,2024-03-02,NAM,web,70.34
E000278,2024-03-02,NAM,store,135.58
E000279,2024-03-02,NAM,app,112.58
E000280,2024-03-02,NAM,web,154.99
E000281,2024-03-02,NAM,web,146.93
E000282,2024-03-02,NAM,web,8.01
E000283,2024-03-02,NAM,app,96.39
E000284,2024-03-02,NAM,store,84.77
E000285,2024-03-02,NAM,web,107.04
E000286,2024-03-02,NAM,store,147.52
E000287,2024-03-02,NAM,store,114.74
E000288,2024-03-02,NAM,web,113.83
E000289,2024-03-02,NAM,web,12.72
E000290,2024-03-02,NAM,store,93.3
E000291,2024-03-02,NAM,web,112.4
E000292,2024-03-02,NAM,app,19.46
E000293,2024-03-02,NAM,store,48.33
E000294,2024-03-02,NAM,app,43.13
E000295,2024-03-02,NAM,web,43.58
E000296,2024-03-02,NAM,store,93.59
E000297,2024-03-02,NAM,store,142.93
E000298,2024-03-02,NAM,store,112.92
E000299,2024-03-02,NAM,app,95.83
E000300,2024-03-02,NAM,store,125.98
E000301,2024-03-02,NAM,web,137.23
E000302,2024-03-02,NAM,store,130.16
E000303,2024-03-02,NAM,app,113.87
E000304,2024-03-02,NAM,app,82.24
E000305,2024-03-02,NAM,web,79.18
E000306,2024-03-02,NAM,store,95.99
E000307,2024-03-02,NAM,web,103.21
E000308,2024-03-02,NAM,store,70.92
E000309,2024-03-02,NAM,web,79.29
E000310,2024-03-02,NAM,store,169.72
E000311,2024-03-02,NAM,web,92.22
E000312,2024-03-02,NAM,store,144.01
E000313,2024-03-02,NAM,store,81.01
E000314,2024-03-02,NAM,web,172.77
E000315,2024-03-02,NAM,web,113.78
E000316,2024-03-02,NAM,app,134.62
E000317,2024-03-02,NAM,store,118.8
E000318,2024-03-02,NAM,store,87.02
E000319,2024-03-02,NAM,web,62.07
E000320,2024-03-02,NAM,web,62.12
E000321,2024-03-02,NAM,web,199.82
E000322,2024-03-02,EU,app,92.24
E000323,2024-03-02,EU,app,77.47
E000324,2024-03-02,EU,web,189.84
E000325,2024-03-02,EU,app,178.37
E000326,2024-03-02,EU,store,57.05
E000327,2024-03-02,EU,app,177.46
E000328,2024-03-02,EU,web,138.68
E000329,2024-03-02,EU,app,19.29
E000330,2024-03-02,EU,web,66.03
E000331,2024-03-02,EU,store,101.43
E000332,2024-03-02,EU,web,86.95
E000333,2024-03-02,EU,web,166.47
E000334,2024-03-02,EU,app,97.37
E000335,2024-03-02,EU,store,154.74
E000336,2024-03-02,EU,store,77.8
E000337,2024-03-02,EU,app,111.45
E000338,2024-03-02,EU,web,66.73
E000339,2024-03-02,EU,web,142.77
E000340,2024-03-02,EU,store,16.06
E000341,2024-03-02,EU,store,147.9
E000342,2024-03-02,EU,app,91.81
E000343,2024-03-02,EU,store,17.18
E000344,2024-03-02,EU,web,53.0
E000345,2024-03-02,EU,store,130.45
E000346,2024-03-02,EU,app,129.25
E000347,2024-03-02,EU,app,55.34
E000348,2024-03-02,EU,web,107.31
E000349,2024-03-02,EU,app,128.05
E000350,2024-03-02,EU,web,192.6
E000351,2024-03-02,EU,web,61.38
E000352,2024-03-02,EU,store,54.98
E000353,2024-03-02,EU,web,18.16
E000354,2024-03-02,EU,app,155.51
E000355,2024-03-02,EU,app,143.37
E000356,2024-03-02,EU,store,31.7
E000357,2024-03-02,EU,web,67.68
E000358,2024-03-02,EU,store,100.18
E000359,2024-03-02,EU,store,185.02
E000360,2024-03-02,EU,web,126.08
E000361,2024-03-02,EU,app,154.7
E000362,2024-03-02,EU,app,72.05
E000363,2024-03-02,EU,store,55.12
E000364,2024-03-02,EU,store,100.4
E000365,2024-03-02,EU,app,32.64
E000366,2024-03-02,EU,app,129.77
E000367,2024-03-02,EU,app,31.46
E000368,2024-03-02,EU,store,38.88
E000369,2024-03-02,EU,web,60.25
E000370,2024-03-02,EU,store,10.03
E000371,2024-03-02,EU,store,40.83
E000372,2024-03-02,EU,app,97.5
E000373,2024-03-02,EU,web,7.94
E000374,2024-03-02,EU,web,36.77
E000375,2024-03-02,EU,app,57.58
E000376,2024-03-02,EU,store,40.89
E000377,2024-03-02,EU,store,125.34
E000378,2024-03-02,EU,web,86.43
E000379,2024-03-02,EU,app,164.28
E000380,2024-03-02,EU,store,185.14
E000381,2024-03-02,EU,web,179.23
E000382,2024-03-02,EU,app,14.64
E000383,2024-03-02,APAC,web,122.07
E000384,2024-03-02,APAC,app,155.58
E000385,2024-03-02,APAC,store,190.9
E000386,2024-03-02,APAC,web,177.81
E000387,2024-03-02,APAC,web,66.46
E000388,2024-03-02,APAC,web,11.33
E000389,2024-03-02,APAC,store,183.44
E000390,2024-03-02,APAC,store,198.01
E000391,2024-03-02,APAC,app,134.87
E000392,2024-03-02,APAC,app,137.29
E000393,2024-03-02,APAC,app,190.72
E000394,2024-03-02,APAC,app,123.53
E000395,2024-03-02,APAC,store,105.01
E000396,2024-03-02,APAC,app,8.64
E000397,2024-03-02,APAC,app,140.31
E000398,2024-03-02,APAC,store,87.1
E000399,2024-03-02,APAC,store,152.33
E000400,2024-03-02,APAC,store,70.65
E000401,2024-03-02,APAC,app,30.78
E000402,2024-03-02,APAC,web,40.93
E000403,2024-03-02,APAC,web,92.27
E000404,2024-03-02,APAC,web,185.96
E000405,2024-03-02,APAC,web,180.22
E000406,2024-03-02,APAC,web,137.69
E000407,2024-03-02,APAC,app,83.63
E000408,2024-03-02,APAC,store,5.64
E000409,2024-03-02,APAC,web,52.87
E000410,2024-03-02,APAC,store,32.78
E000411,2024-03-02,APAC,web,138.83
E000412,2024-03-02,APAC,store,46.42
E000413,2024-03-02,APAC,web,188.15
E000414,2024-03-02,APAC,web,57.36
E000415,2024-03-02,APAC,store,30.26
E000416,2024-03-02,APAC,store,163.93
E000417,2024-03-02,APAC,app,105.63
E000418,2024-03-02,APAC,web,11.87
E000419,2024-03-02,APAC,app,170.09
E000420,2024-03-02,APAC,app,21.46
E000421,2024-03-02,APAC,web,154.12
E000422,2024-03-02,APAC,web,123.58
E000423,2024-03-02,APAC,store,127.64
E000424,2024-03-02,APAC,web,93.67
E000425,2024-03-02,APAC,store,62.12
E000426,2024-03-02,APAC,store,152.76
E000427,2024-03-02,APAC,store,149.38
E000428,2024-03-02,APAC,app,78.76
E000429,2024-03-02,APAC,app,141.19
E000430,2024-03-02,APAC,store,80.56
E000431,2024-03-02,APAC,web,192.77
E000432,2024-03-02,APAC,web,144.15
E000433,2024-03-02,APAC,web,147.51
E000434,2024-03-02,APAC,web,59.34
E000435,2024-03-02,APAC,store,172.68
E000436,2024-03-02,APAC,app,92.37
E000437,2024-03-02,APAC,app,64.57
E000438,2024-03-02,APAC,web,20.02
E000439,2024-03-02,APAC,store,57.87
E000440,2024-03-02,APAC,web,38.73
E000441,2024-03-02,APAC,store,95.83
E000442,2024-03-02,APAC,web,46.81
E000443,2024-03-02,APAC,app,184.89
E000444,2024-03-02,APAC,store,58.23
E000445,2024-03-02,APAC,web,103.81
E000446,2024-03-02,APAC,app,19.65
E000447,2024-03-02,APAC,app,177.53
E000448,2024-03-02,APAC,web,97.46
E000449,2024-03-02,APAC,store,17.98
E000450,2024-03-02,APAC,store,120.99
E000451,2024-03-02,APAC,app,174.08
E000452,2024-03-02,APAC,store,6.12
E000453,2024-03-02,APAC,app,76.96
E000454,2024-03-02,APAC,app,153.21
E000455,2024-03-02,APAC,store,56.66
E000456,2024-03-03,NAM,web,96.56
E000457,2024-03-03,NAM,store,93.36
E000458,2024-03-03,NAM,store,67.38
E000459,2024-03-03,NAM,store,13.14
E000460,2024-03-03,NAM,store,34.91
E000461,2024-03-03,NAM,app,20.97
E000462,2024-03-03,NAM,web,190.95
E000463,2024-03-03,NAM,app,117.98
E000464,2024-03-03,NAM,app,68.11
E000465,2024-03-03,NAM,app,116.37
E000466,2024-03-03,NAM,store,119.91
E000467,2024-03-03,NAM,store,161.54
E000468,2024-03-03,NAM,store,43.64
E000469,2024-03-03,NAM,app,118.63
E000470,2024-03-03,NAM,store,37.36
E000471,2024-03-03,NAM,app,125.74
E000472,2024-03-03,NAM,store,31.34
E000473,2024-03-03,NAM,store,111.26
E000474,2024-03-03,NAM,store,83.59
E000475,2024-03-03,NAM,store,57.66
E000476,2024-03-03,NAM,store,110.63
E000477,2024-03-03,NAM,app,138.9
E000478,2024-03-03,NAM,web,25.87
E000479,2024-03-03,NAM,app,164.49
E000480,2024-03-03,NAM,store,24.75
E000481,2024-03-03,NAM,store,53.66
E000482,2024-03-03,NAM,store,170.59
E000483,2024-03-03,NAM,web,182.5
E000484,2024-03-03,NAM,store,69.82
E000485,2024-03-03,NAM,web,42.54
E000486,2024-03-03,NAM,app,184.71
E000487,2024-03-03,NAM,app,18.68
E000488,2024-03-03,NAM,store,99.97
E000489,2024-03-03,NAM,web,107.19
E000490,2024-03-03,NAM,app,90.35
E000491,2024-03-03,NAM,store,32.52
E000492,2024-03-03,NAM,store,196.51
E000493,2024-03-03,NAM,app,151.39
E000494,2024-03-03,NAM,store,162.6
E000495,2024-03-03,NAM,web,65.63
E000496,2024-03-03,NAM,store,7.48
E000497,2024-03-03,NAM,store,174.9
E000498,2024-03-03,NAM,app,93.87
E000499,2024-03-03,EU,app,104.03
E000500,2024-03-03,EU,app,37.25
E000501,2024-03-03,EU,app,60.48
E000502,2024-03-03,EU,web,15.22
E000503,2024-03-03,EU,store,30.37
E000504,2024-03-03,EU,web,95.64
E000505,2024-03-03,EU,web,119.43
E000506,2024-03-03,EU,app,59.77
E000507,2024-03-03,EU,app,69.57
E000508,2024-03-03,EU,web,152.26
E000509,2024-03-03,EU,store,83.89
E000510,2024-03-03,EU,web,152.22
E000511,2024-03-03,EU,store,177.99
E000512,2024-03-03,EU,app,184.02
E000513,2024-03-03,EU,app,148.51
E000514,2024-03-03,EU,web,54.36
E000515,2024-03-03,EU,app,90.39
E000516,2024-03-03,EU,web,122.48
E000517,2024-03-03,EU,store,33.45
E000518,2024-03-03,EU,store,143.91
E000519,2024-03-03,EU,store,30.68
E000520,2024-03-03,EU,app,194.67
E000521,2024-03-03,EU,web,30.13
E000522,2024-03-03,EU,store,181.62
E000523,2024-03-03,EU,store,23.07
E000524,2024-03-03,EU,web,69.65
E000525,2024-03-03,EU,web,11.44
E000526,2024-03-03,EU,store,184.05
E000527,2024-03-03,EU,app,18.08
E000528,2024-03-03,EU,app,115.88
E000529,2024-03-03,EU,store,114.98
E000530,2024-03-03,EU,app,148.75
E000531,2024-03-03,EU,store,199.46
E000532,2024-03-03,EU,store,35.55
E000533,2024-03-03,EU,store,85.16
E000534,2024-03-03,EU,store,157.74
E000535,2024-03-03,EU,store,198.44
E000536,2024-03-03,EU,store,56.88
E000537,2024-03-03,EU,web,188.84
E000538,2024-03-03,EU,app,189.42
E000539,2024-03-03,EU,store,188.34
E000540,2024-03-03,EU,app,84.15
E000541,2024-03-03,EU,store,152.54
E000542,2024-03-03,EU,app,96.89
E000543,2024-03-03,EU,app,80.29
E000544,2024-03-03,EU,app,89.4
E000545,2024-03-03,EU,store,16.9
E000546,2024-03-03,EU,web,152.03
E000547,2024-03-03,APAC,app,136.02
E000548,2024-03-03,APAC,app,49.87
E000549,2024-03-03,APAC,store,50.59
E000550,2024-03-03,APAC,app,64.27
E000551,2024-03-03,APAC,web,153.33
E000552,2024-03-03,APAC,store,68.02
E000553,2024-03-03,APAC,app,129.08
E000554,2024-03-03,APAC,store,25.75
E000555,2024-03-03,APAC,web,140.94
E000556,2024-03-03,APAC,web,62.79
E000557,2024-03-03,APAC,store,129.03
E000558,2024-03-03,APAC,app,83.84
E000559,2024-03-03,APAC,web,117.7
E000560,2024-03-03,APAC,store,72.9
E000561,2024-03-03,APAC,web,123.86
E000562,2024-03-03,APAC,store,35.07
E000563,2024-03-03,APAC,app,142.78
E000564,2024-03-03,APAC,web,194.1
E000565,2024-03-03,APAC,web,44.46
E000566,2024-03-03,APAC,store,44.06
E000567,2024-03-03,APAC,web,198.34
E000568,2024-03-03,APAC,app,123.03
E000569,2024-03-03,APAC,web,198.17
E000570,2024-03-03,APAC,app,13.26
E000571,2024-03-03,APAC,store,106.63
E000572,2024-03-03,APAC,store,141.97
E000573,2024-03-03,APAC,app,70.5
E000574,2024-03-03,APAC,app,5.84
E000575,2024-03-03,APAC,web,11.87
E000576,2024-03-03,APAC,store,19.8
E000577,2024-03-03,APAC,app,44.48
E000578,2024-03-03,APAC,store,18.74
E000579,2024-03-03,APAC,web,11.02
E000580,2024-03-03,APAC,web,89.87
E000581,2024-03-03,APAC,store,44.95
E000582,2024-03-03,APAC,app,6.84
E000583,2024-03-03,APAC,store,52.78
E000584,2024-03-03,APAC,app,180.05
E000585,2024-03-03,APAC,store,129.01
E000586,2024-03-03,APAC,store,67.02
E000587,2024-03-03,APAC,web,10.45
E000588,2024-03-03,APAC,store,9.96
E000589,2024-03-04,NAM,web,128.48
E000590,2024-03-04,NAM,web,24.59
E000591,2024-03-04,NAM,web,181.05
E000592,2024-03-04,NAM,web,70.41
E000593,2024-03-04,NAM,app,21.88
E000594,2024-03-04,NAM,web,160.21
E000595,2024-03-04,NAM,app,111.69
E000596,2024-03-04,NAM,store,125.49
E000597,2024-03-04,NAM,web,55.76
E000598,2024-03-04,NAM,web,118.81
E000599,2024-03-04,NAM,store,164.34
E000600,2024-03-04,NAM,store,129.94
E000601,2024-03-04,NAM,app,7.95
E000602,2024-03-04,NAM,app,178.69
E000603,2024-03-04,NAM,web,30.17
E000604,2024-03-04,NAM,web,140.15
E000605,2024-03-04,NAM,store,158.38
E000606,2024-03-04,NAM,store,93.22
E000607,2024-03-04,NAM,app,11.88
E000608,2024-03-04,NAM,web,171.02
E000609,2024-03-04,NAM,web,52.61
E000610,2024-03-04,NAM,store,173.88
E000611,2024-03-04,NAM,store,65.71
E000612,2024-03-04,NAM,app,103.51
E000613,2024-03-04,NAM,app,91.33
E000614,2024-03-04,NAM,web,43.91
E000615,2024-03-04,NAM,web,103.0
E000616,2024-03-04,NAM,store,174.43
E000617,2024-03-04,NAM,store,66.77
E000618,2024-03-04,NAM,store,59.67
E000619,2024-03-04,NAM,store,103.28
E000620,2024-03-04,NAM,store,23.82
E000621,2024-03-04,NAM,web,198.13
E000622,2024-03-04,NAM,web,117.94
E000623,2024-03-04,NAM,store,104.69
E000624,2024-03-04,NAM,web,103.3
E000625,2024-03-04,NAM,app,190.5
E000626,2024-03-04,NAM,app,190.01
E000627,2024-03-04,NAM,web,34.59
E000628,2024-03-04,NAM,web,84.46
E000629,2024-03-04,NAM,store,126.63
E000630,2024-03-04,NAM,store,147.32
E000631,2024-03-04,NAM,store,45.96
E000632,2024-03-04,NAM,app,164.46
E000633,2024-03-04,NAM,app,141.2
E000634,2024-03-04,NAM,web,42.9
E000635,2024-03-04,NAM,web,195.15
E000636,2024-03-04,NAM,app,110.11
E000637,2024-03-04,NAM,web,88.61
E000638,2024-03-04,NAM,web,133.75
E000639,2024-03-04,EU,web,54.27
E000640,2024-03-04,EU,store,110.31
E000641,2024-03-04,EU,web,79.39
E000642,2024-03-04,EU,store,62.69
E000643,2024-03-04,EU,app,133.08
E000644,2024-03-04,EU,store,181.8
E000645,2024-03-04,EU,web,192.22
E000646,2024-03-04,EU,store,95.75
E000647,2024-03-04,EU,app,172.63
E000648,2024-03-04,EU,store,161.61
E000649,2024-03-04,EU,web,61.02
E000650,2024-03-04,EU,store,70.13
E000651,2024-03-04,EU,store,122.51
E000652,2024-03-04,EU,web,15.59
E000653,2024-03-04,EU,store,162.41
E000654,2024-03-04,EU,store,78.92
E000655,2024-03-04,EU,app,73.3
E000656,2024-03-04,EU,store,55.38
E000657,2024-03-04,EU,web,126.51
E000658,2024-03-04,EU,web,135.53
E000659,2024-03-04,EU,web,192.64
E000660,2024-03-04,EU,app,178.4
E000661,2024-03-04,EU,store,162.29
E000662,2024-03-04,EU,store,194.18
E000663,2024-03-04,EU,web,44.53
E000664,2024-03-04,EU,app,176.19
E000665,2024-03-04,EU,store,126.27
E000666,2024-03-04,EU,app,44.08
E000667,2024-03-04,EU,app,106.3
E000668,2024-03-04,EU,store,29.55
E000669,2024-03-04,EU,web,30.0
E000670,2024-03-04,EU,web,184.87
E000671,2024-03-04,EU,store,32.66
E000672,2024-03-04,EU,store,56.41
E000673,2024-03-04,EU,web,31.22
E000674,2024-03-04,EU,store,118.75
E000675,2024-03-04,EU,web,87.35
E000676,2024-03-04,EU,web,45.09
E000677,2024-03-04,EU,app,134.59
E000678,2024-03-04,EU,app,82.83
E000679,2024-03-04,EU,web,95.37
E000680,2024-03-04,EU,store,53.04
E000681,2024-03-04,EU,store,145.14
E000682,2024-03-04,EU,app,179.41
E000683,2024-03-04,EU,web,81.85
E000684,2024-03-04,EU,store,176.06
E000685,2024-03-04,EU,app,136.19
E000686,2024-03-04,EU,store,31.68
E000687,2024-03-04,EU,web,198.19
E000688,2024-03-04,EU,web,63.67
E000689,2024-03-04,EU,web,191.98
E000690,2024-03-04,EU,app,36.47
E000691,2024-03-04,EU,web,46.61
E000692,2024-03-04,EU,store,97.03
E000693,2024-03-04,EU,web,120.53
E000694,2024-03-04,EU,web,26.19
E000695,2024-03-04,APAC,store,161.87
E000696,2024-03-04,APAC,store,114.61
E000697,2024-03-04,APAC,app,110.67
E000698,2024-03-04,APAC,web,127.76
E000699,2024-03-04,APAC,web,173.45
E000700,2024-03-04,APAC,app,81.06
E000701,2024-03-04,APAC,store,27.26
E000702,2024-03-04,APAC,app,114.89
E000703,2024-03-04,APAC,web,147.6
E000704,2024-03-04,APAC,store,55.11
E000705,2024-03-04,APAC,store,145.39
E000706,2024-03-04,APAC,store,87.63
E000707,2024-03-04,APAC,store,156.97
E000708,2024-03-04,APAC,app,39.26
E000709,2024-03-04,APAC,store,145.17
E000710,2024-03-04,APAC,app,105.69
E000711,2024-03-04,APAC,app,96.38
E000712,2024-03-04,APAC,store,95.65
E000713,2024-03-04,APAC,store,184.28
E000714,2024-03-04,APAC,web,66.67
E000715,2024-03-04,APAC,store,84.82
E000716,2024-03-04,APAC,store,187.41
E000717,2024-03-04,APAC,store,10.86
E000718,2024-03-04,APAC,store,198.93
E000719,2024-03-04,APAC,app,19.4
E000720,2024-03-04,APAC,app,101.92
E000721,2024-03-04,APAC,web,112.03
E000722,2024-03-04,APAC,web,41.16
E000723,2024-03-04,APAC,app,64.42
E000724,2024-03-04,APAC,app,122.43
E000725,2024-03-04,APAC,web,187.62
E000726,2024-03-04,APAC,store,69.13
E000727,2024-03-04,APAC,store,6.15
E000728,2024-03-04,APAC,app,77.57
E000729,2024-03-04,APAC,web,28.17
E000730,2024-03-04,APAC,store,174.62
E000731,2024-03-04,APAC,store,62.31
E000732,2024-03-04,APAC,app,156.74
E000733,2024-03-04,APAC,store,179.49
E000734,2024-03-04,APAC,web,21.14
E000735,2024-03-04,APAC,web,151.25
E000736,2024-03-04,APAC,web,92.59
E000737,2024-03-04,APAC,web,105.12
E000738,2024-03-04,APAC,web,62.91
E000739,2024-03-04,APAC,store,150.02
E000740,2024-03-04,APAC,app,172.08
E000741,2024-03-04,APAC,app,120.51
E000742,2024-03-04,APAC,web,196.81
E000743,2024-03-04,APAC,web,155.07
E000744,2024-03-04,APAC,app,23.97
E000745,2024-03-04,APAC,web,118.5
E000746,2024-03-04,APAC,store,178.21
E000747,2024-03-04,APAC,store,174.5
E000748,2024-03-04,APAC,store,16.17
E000749,2024-03-04,APAC,web,43.41
E000750,2024-03-05,NAM,web,68.33
E000751,2024-03-05,NAM,web,120.31
E000752,2024-03-05,NAM,app,186.63
E000753,2024-03-05,NAM,app,7.48
E000754,2024-03-05,NAM,app,75.59
E000755,2024-03-05,NAM,web,164.51
E000756,2024-03-05,NAM,web,104.84
E000757,2024-03-05,NAM,app,153.24
E000758,2024-03-05,NAM,web,61.52
E000759,2024-03-05,NAM,app,21.99
E000760,2024-03-05,NAM,web,176.63
E000761,2024-03-05,NAM,app,121.64
E000762,2024-03-05,NAM,app,90.82
E000763,2024-03-05,NAM,web,80.0
E000764,2024-03-05,NAM,app,119.49
E000765,2024-03-05,NAM,app,190.51
E000766,2024-03-05,NAM,app,84.58
E000767,2024-03-05,NAM,app,124.64
E000768,2024-03-05,NAM,store,142.7
E000769,2024-03-05,NAM,store,96.82
E000770,2024-03-05,NAM,store,99.63
E000771,2024-03-05,NAM,store,192.89
E000772,2024-03-05,NAM,app,29.84
E000773,2024-03-05,NAM,web,166.93
E000774,2024-03-05,NAM,store,170.24
E000775,2024-03-05,NAM,web,123.83
E000776,2024-03-05,NAM,app,21.97
E000777,2024-03-05,NAM,app,158.33
E000778,2024-03-05,NAM,web,193.2
E000779,2024-03-05,NAM,web,176.01
E000780,2024-03-05,NAM,web,29.93
E000781,2024-03-05,NAM,web,177.71
E000782,2024-03-05,NAM,store,29.35
E000783,2024-03-05,NAM,app,102.21
E000784,2024-03-05,NAM,store,84.53
E000785,2024-03-05,NAM,web,129.85
E000786,2024-03-05,NAM,app,161.18
E000787,2024-03-05,NAM,store,36.4
E000788,2024-03-05,NAM,app,100.93
E000789,2024-03-05,NAM,app,197.95
E000790,2024-03-05,NAM,store,104.6
E000791,2024-03-05,NAM,web,183.3
E000792,2024-03-05,NAM,web,56.03
E000793,2024-03-05,NAM,app,113.41
E000794,2024-03-05,NAM,app,185.78
E000795,2024-03-05,NAM,web,21.54
E000796,2024-03-05,NAM,web,21.35
E000797,2024-03-05,NAM,web,143.82
E000798,2024-03-05,NAM,web,180.53
E000799,2024-03-05,NAM,web,179.26
E000800,2024-03-05,NAM,store,54.95
E000801,2024-03-05,NAM,store,5.13
E000802,2024-03-05,NAM,web,192.7
E000803,2024-03-05,NAM,app,153.93
E000804,2024-03-05,NAM,app,142.0
E000805,2024-03-05,NAM,web,183.83
E000806,2024-03-05,NAM,app,144.62
E000807,2024-03-05,NAM,store,173.28
E000808,2024-03-05,NAM,store,74.88
E000809,2024-03-05,NAM,store,24.31
E000810,2024-03-05,NAM,app,31.7
E000811,2024-03-05,NAM,store,79.92
E000812,2024-03-05,NAM,store,114.16
E000813,2024-03-05,NAM,store,106.74
E000814,2024-03-05,NAM,store,60.39
E000815,2024-03-05,NAM,store,199.89
E000816,2024-03-05,NAM,store,75.96
E000817,2024-03-05,NAM,store,68.81
E000818,2024-03-05,NAM,store,183.55
E000819,2024-03-05,NAM,web,41.23
E000820,2024-03-05,NAM,web,178.56
E000821,2024-03-05,NAM,web,121.63
E000822,2024-03-05,NAM,app,147.96
E000823,2024-03-05,NAM,store,13.32
E000824,2024-03-05,NAM,store,102.47
E000825,2024-03-05,EU,app,103.34
E000826,2024-03-05,EU,web,148.59
E000827,2024-03-05,EU,store,125.25
E000828,2024-03-05,EU,app,14.05
E000829,2024-03-05,EU,app,180.01
E000830,2024-03-05,EU,web,29.03
E000831,2024-03-05,EU,store,14.76
E000832,2024-03-05,EU,app,188.14
E000833,2024-03-05,EU,store,84.95
E000834,2024-03-05,EU,web,111.62
E000835,2024-03-05,EU,store,187.8
E000836,2024-03-05,EU,store,148.59
E000837,2024-03-05,EU,store,19.69
E000838,2024-03-05,EU,app,142.94
E000839,2024-03-05,EU,store,8.32
E000840,2024-03-05,EU,store,156.06
E000841,2024-03-05,EU,web,94.69
E000842,2024-03-05,EU,web,106.91
E000843,2024-03-05,EU,app,197.96
E000844,2024-03-05,EU,app,139.04
E000845,2024-03-05,EU,app,144.43
E000846,2024-03-05,EU,app,96.01
E000847,2024-03-05,EU,app,76.3
E000848,2024-03-05,EU,app,101.21
E000849,2024-03-05,EU,store,52.21
E000850,2024-03-05,EU,web,33.95
E000851,2024-03-05,EU,app,62.19
E000852,2024-03-05,EU,app,168.2
E000853,2024-03-05,EU,app,72.06
E000854,2024-03-05,EU,store,125.73
E000855,2024-03-05,EU,web,75.04
E000856,2024-03-05,EU,store,113.17
E000857,2024-03-05,EU,app,131.8
E000858,2024-03-05,EU,app,192.16
E000859,2024-03-05,EU,store,193.25
E000860,2024-03-05,EU,web,134.82
E000861,2024-03-05,EU,web,128.85
E000862,2024-03-05,EU,store,174.71
E000863,2024-03-05,EU,store,143.07
E000864,2024-03-05,EU,web,56.5
E000865,2024-03-05,EU,app,137.89
E000866,2024-03-05,EU,app,44.22
E000867,2024-03-05,EU,store,159.23
E000868,2024-03-05,EU,web,162.74
E000869,2024-03-05,APAC,app,67.68
E000870,2024-03-05,APAC,web,21.36
E000871,2024-03-05,APAC,app,134.19
E000872,2024-03-05,APAC,store,125.35
E000873,2024-03-05,APAC,app,92.16
E000874,2024-03-05,APAC,app,146.55
E000875,2024-03-05,APAC,web,95.51
E000876,2024-03-05,APAC,web,76.02
E000877,2024-03-05,APAC,store,22.12
E000878,2024-03-05,APAC,web,126.44
E000879,2024-03-05,APAC,app,184.75
E000880,2024-03-05,APAC,app,16.14
E000881,2024-03-05,APAC,store,155.51
E000882,2024-03-05,APAC,app,140.95
E000883,2024-03-05,APAC,web,79.0
E000884,2024-03-05,APAC,app,100.22
E000885,2024-03-05,APAC,web,108.45
E000886,2024-03-05,APAC,app,129.39
E000887,2024-03-05,APAC,store,137.26
E000888,2024-03-05,APAC,store,137.08
E000889,2024-03-05,APAC,app,72.35
E000890,2024-03-05,APAC,app,94.61
E000891,2024-03-05,APAC,app,114.75
E000892,2024-03-05,APAC,app,102.26
E000893,2024-03-05,APAC,web,47.89
E000894,2024-03-05,APAC,web,19.39
E000895,2024-03-05,APAC,app,133.1
E000896,2024-03-05,APAC,store,74.15
E000897,2024-03-05,APAC,store,25.49
E000898,2024-03-05,APAC,web,29.77
E000899,2024-03-05,APAC,app,178.87
E000900,2024-03-05,APAC,web,75.56
E000901,2024-03-05,APAC,web,101.46
E000902,2024-03-05,APAC,web,67.16
E000903,2024-03-05,APAC,web,58.68
E000904,2024-03-05,APAC,app,197.32
E000905,2024-03-05,APAC,store,75.75
E000906,2024-03-05,APAC,store,32.37
E000907,2024-03-05,APAC,store,118.08
E000908,2024-03-05,APAC,app,61.2
E000909,2024-03-05,APAC,app,165.23
E000910,2024-03-05,APAC,app,31.13
E000911,2024-03-05,APAC,store,62.02
E000912,2024-03-05,APAC,web,198.52
E000913,2024-03-05,APAC,store,124.26
E000914,2024-03-05,APAC,web,196.92
E000915,2024-03-05,APAC,store,149.41
E000916,2024-03-05,APAC,store,48.14
E000917,2024-03-05,APAC,app,77.23
E000918,2024-03-05,APAC,store,185.65
E000919,2024-03-05,APAC,app,63.86
E000920,2024-03-05,APAC,web,9.34
E000921,2024-03-05,APAC,app,140.86
E000922,2024-03-05,APAC,app,160.56
E000923,2024-03-05,APAC,app,50.56
E000924,2024-03-05,APAC,web,136.25
E000925,2024-03-06,NAM,web,41.78
E000926,2024-03-06,NAM,app,83.57
E000927,2024-03-06,NAM,store,41.89
E000928,2024-03-06,NAM,store,22.56
E000929,2024-03-06,NAM,web,50.73
E000930,2024-03-06,NAM,app,161.11
E000931,2024-03-06,NAM,app,189.33
E000932,2024-03-06,NAM,store,168.75
E000933,2024-03-06,NAM,web,41.48
E000934,2024-03-06,NAM,app,165.49
E000935,2024-03-06,NAM,store,150.64
E000936,2024-03-06,NAM,store,141.0
E000937,2024-03-06,NAM,app,63.08
E000938,2024-03-06,NAM,store,136.13
E000939,2024-03-06,NAM,web,70.88
E000940,2024-03-06,NAM,app,68.73
E000941,2024-03-06,NAM,store,100.85
E000942,2024-03-06,NAM,web,76.9
E000943,2024-03-06,NAM,store,171.08
E000944,2024-03-06,NAM,app,137.89
E000945,2024-03-06,NAM,app,196.89
E000946,2024-03-06,NAM,store,47.48
E000947,2024-03-06,NAM,web,23.04
E000948,2024-03-06,NAM,app,81.59
E000949,2024-03-06,NAM,web,21.75
E000950,2024-03-06,NAM,store,152.76
E000951,2024-03-06,NAM,store,104.24
E000952,2024-03-06,NAM,store,160.53
E000953,2024-03-06,NAM,app,73.9
E000954,2024-03-06,NAM,app,103.62
E000955,2024-03-06,NAM,store,64.96
E000956,2024-03-06,NAM,web,64.55
E000957,2024-03-06,NAM,web,70.36
E000958,2024-03-06,NAM,store,49.63
E000959,2024-03-06,NAM,store,32.02
E000960,2024-03-06,NAM,store,193.33
E000961,2024-03-06,NAM,store,131.18
E000962,2024-03-06,NAM,store,88.42
E000963,2024-03-06,NAM,store,25.71
E000964,2024-03-06,NAM,web,25.22
E000965,2024-03-06,NAM,app,84.39
E000966,2024-03-06,NAM,app,185.12
E000967,2024-03-06,NAM,app,198.17
E000968,2024-03-06,NAM,app,145.57
E000969,2024-03-06,NAM,app,112.95
E000970,2024-03-06,NAM,web,36.08
E000971,2024-03-06,NAM,store,189.04
E000972,2024-03-06,NAM,web,70.88
E000973,2024-03-06,NAM,store,24.85
E000974,2024-03-06,NAM,web,132.17
E000975,2024-03-06,NAM,web,7.28
E000976,2024-03-06,NAM,app,144.46
E000977,2024-03-06,NAM,store,157.21
E000978,2024-03-06,NAM,web,100.28
E000979,2024-03-06,NAM,store,94.15
E000980,2024-03-06,NAM,app,136.82
E000981,2024-03-06,NAM,web,160.59
E000982,2024-03-06,NAM,store,18.47
E000983,2024-03-06,NAM,app,50.69
E000984,2024-03-06,NAM,app,24.97
E000985,2024-03-06,NAM,app,53.38
E000986,2024-03-06,NAM,web,192.15
E000987,2024-03-06,NAM,app,171.33
E000988,2024-03-06,NAM,store,141.27
E000989,2024-03-06,NAM,web,81.27
E000990,2024-03-06,NAM,web,90.93
E000991,2024-03-06,NAM,web,87.18
E000992,2024-03-06,NAM,web,155.38
E000993,2024-03-06,NAM,app,58.93
E000994,2024-03-06,NAM,web,98.41
E000995,2024-03-06,NAM,app,130.96
E000996,2024-03-06,NAM,store,146.37
E000997,2024-03-06,EU,web,40.25
E000998,2024-03-06,EU,web,59.93
E000999,2024-03-06,EU,web,152.34
E001000,2024-03-06,EU,store,138.21
E001001,2024-03-06,EU,store,11.44
E001002,2024-03-06,EU,web,161.59
E001003,2024-03-06,EU,web,185.25
E001004,2024-03-06,EU,app,73.02
E001005,2024-03-06,EU,app,74.25
E001006,2024-03-06,EU,store,173.52
E001007,2024-03-06,EU,app,71.46
E001008,2024-03-06,EU,store,5.54
E001009,2024-03-06,EU,web,31.81
E001010,2024-03-06,EU,app,126.79
E001011,2024-03-06,EU,store,198.17
E001012,2024-03-06,EU,store,76.37
E001013,2024-03-06,EU,web,160.16
E001014,2024-03-06,EU,app,18.0
E001015,2024-03-06,EU,app,83.28
E001016,2024-03-06,EU,web,139.11
E001017,2024-03-06,EU,app,93.08
E001018,2024-03-06,EU,web,193.36
E001019,2024-03-06,EU,web,95.97
E001020,2024-03-06,EU,web,109.29
E001021,2024-03-06,EU,store,20.74
E001022,2024-03-06,EU,store,17.29
E001023,2024-03-06,EU,web,42.2
E001024,2024-03-06,EU,store,85.9
E001025,2024-03-06,EU,web,67.73
E001026,2024-03-06,EU,app,164.29
E001027,2024-03-06,EU,app,9.17
E001028,2024-03-06,EU,web,162.52
E001029,2024-03-06,EU,web,109.12
E001030,2024-03-06,EU,app,57.13
E001031,2024-03-06,EU,app,110.75
E001032,2024-03-06,EU,store,172.38
E001033,2024-03-06,EU,web,165.69
E001034,2024-03-06,EU,app,9.78
E001035,2024-03-06,EU,web,178.1
E001036,2024-03-06,EU,store,133.09
E001037,2024-03-06,EU,web,172.34
E001038,2024-03-06,EU,store,173.19
E001039,2024-03-06,EU,store,100.38
E001040,2024-03-06,EU,store,94.93
E001041,2024-03-06,EU,store,56.44
E001042,2024-03-06,EU,app,70.4
E001043,2024-03-06,EU,app,154.59
E001044,2024-03-06,EU,store,32.53
E001045,2024-03-06,EU,store,37.06
E001046,2024-03-06,EU,app,95.34
E001047,2024-03-06,EU,app,191.48
E001048,2024-03-06,EU,app,193.57
E001049,2024-03-06,EU,store,147.3
E001050,2024-03-06,EU,web,57.73
E001051,2024-03-06,EU,store,77.67
E001052,2024-03-06,EU,web,167.43
E001053,2024-03-06,EU,web,58.84
E001054,2024-03-06,EU,web,66.54
E001055,2024-03-06,EU,web,68.02
E001056,2024-03-06,EU,app,6.11
E001057,2024-03-06,EU,store,49.85
E001058,2024-03-06,EU,web,171.7
E001059,2024-03-06,EU,store,127.66
E001060,2024-03-06,EU,app,48.41
E001061,2024-03-06,EU,app,175.64
E001062,2024-03-06,EU,store,105.02
E001063,2024-03-06,EU,store,36.4
E001064,2024-03-06,EU,app,78.96
E001065,2024-03-06,EU,web,69.57
E001066,2024-03-06,EU,app,84.24
E001067,2024-03-06,EU,web,92.5
E001068,2024-03-06,EU,web,79.94
E001069,2024-03-06,EU,web,69.81
E001070,2024-03-06,EU,store,125.71
E001071,2024-03-06,EU,app,101.98
E001072,2024-03-06,EU,store,160.08
E001073,2024-03-06,EU,web,105.07
E001074,2024-03-06,EU,app,144.1
E001075,2024-03-06,EU,app,151.67
E001076,2024-03-06,EU,app,163.19
E001077,2024-03-06,EU,store,135.46
E001078,2024-03-06,EU,store,35.64
E001079,2024-03-06,APAC,app,54.62
E001080,2024-03-06,APAC,store,55.28
E001081,2024-03-06,APAC,app,82.4
E001082,2024-03-06,APAC,web,8.88
E001083,2024-03-06,APAC,app,150.88
E001084,2024-03-06,APAC,app,156.23
E001085,2024-03-06,APAC,app,130.01
E001086,2024-03-06,APAC,web,168.47
E001087,2024-03-06,APAC,app,42.71
E001088,2024-03-06,APAC,web,57.22
E001089,2024-03-06,APAC,app,38.57
E001090,2024-03-06,APAC,app,110.08
E001091,2024-03-06,APAC,store,132.75
E001092,2024-03-06,APAC,app,108.61
E001093,2024-03-06,APAC,store,53.04
E001094,2024-03-06,APAC,store,142.88
E001095,2024-03-06,APAC,app,145.78
E001096,2024-03-06,APAC,store,18.35
E001097,2024-03-06,APAC,web,117.49
E001098,2024-03-06,APAC,store,58.1
E001099,2024-03-06,APAC,app,105.93
E001100,2024-03-06,APAC,app,105.97
E001101,2024-03-06,APAC,app,56.67
E001102,2024-03-06,APAC,web,75.9
E001103,2024-03-06,APAC,app,90.3
E001104,2024-03-06,APAC,store,12.53
E001105,2024-03-06,APAC,app,44.27
E001106,2024-03-06,APAC,app,7.42
E001107,2024-03-06,APAC,store,62.28
E001108,2024-03-06,APAC,store,109.81
E001109,2024-03-06,APAC,store,15.41
E001110,2024-03-06,APAC,app,180.67
E001111,2024-03-06,APAC,web,41.35
E001112,2024-03-06,APAC,store,86.51
E001113,2024-03-06,APAC,store,37.61
E001114,2024-03-06,APAC,app,134.02
E001115,2024-03-06,APAC,web,153.14
E001116,2024-03-06,APAC,store,136.67
E001117,2024-03-06,APAC,web,49.77
E001118,2024-03-06,APAC,web,105.35
E001119,2024-03-06,APAC,store,80.35
E001120,2024-03-06,APAC,store,92.61
E001121,2024-03-06,APAC,app,9.59
E001122,2024-03-06,APAC,store,57.37
E001123,2024-03-06,APAC,store,198.59
E001124,2024-03-06,APAC,web,49.37
E001125,2024-03-06,APAC,app,86.21
E001126,2024-03-06,APAC,web,131.66
E001127,2024-03-06,APAC,web,168.74
E001128,2024-03-06,APAC,web,43.31
E001129,2024-03-06,APAC,store,36.55
E001130,2024-03-06,APAC,store,176.94
E001131,2024-03-06,APAC,app,147.61
E001132,2024-03-06,APAC,web,168.55
E001133,2024-03-06,APAC,app,23.1
E001134,2024-03-06,APAC,web,119.3
E001135,2024-03-06,APAC,web,98.47
E001136,2024-03-06,APAC,app,157.36
E001137,2024-03-06,APAC,store,101.92
E001138,2024-03-06,APAC,app,100.02
E001139,2024-03-06,APAC,web,84.12
E001140,2024-03-06,APAC,app,36.38
E001141,2024-03-06,APAC,web,56.65
E001142,2024-03-06,APAC,web,53.4
E001143,2024-03-06,APAC,web,27.24
E001144,2024-03-06,APAC,store,45.06
E001145,2024-03-06,APAC,app,65.95
E001146,2024-03-06,APAC,app,51.83
E001147,2024-03-06,APAC,store,102.89
E001148,2024-03-06,APAC,app,136.5
E001149,2024-03-06,APAC,store,171.26
E001150,2024-03-06,APAC,store,88.85
E001151,2024-03-06,APAC,store,86.06
E001152,2024-03-06,APAC,app,51.59
E001153,2024-03-06,APAC,app,18.39
E001154,2024-03-06,APAC,store,44.96
E001155,2024-03-07,NAM,app,119.96
E001156,2024-03-07,NAM,web,187.71
E001157,2024-03-07,NAM,web,84.84
E001158,2024-03-07,NAM,store,22.75
E001159,2024-03-07,NAM,app,178.72
E001160,2024-03-07,NAM,store,81.84
E001161,2024-03-07,NAM,web,177.69
E001162,2024-03-07,NAM,app,181.28
E001163,2024-03-07,NAM,store,166.38
E001164,2024-03-07,NAM,store,11.21
E001165,2024-03-07,NAM,web,93.1
E001166,2024-03-07,NAM,web,192.3
E001167,2024-03-07,NAM,web,6.6
E001168,2024-03-07,NAM,web,44.64
E001169,2024-03-07,NAM,web,7.67
E001170,2024-03-07,NAM,store,19.83
E001171,2024-03-07,NAM,app,180.49
E001172,2024-03-07,NAM,app,77.15
E001173,2024-03-07,NAM,store,169.1
E001174,2024-03-07,NAM,app,68.66
E001175,2024-03-07,NAM,store,170.21
E001176,2024-03-07,NAM,store,125.88
E001177,2024-03-07,NAM,store,73.6
E001178,2024-03-07,NAM,app,188.86
E001179,2024-03-07,NAM,store,72.72
E001180,2024-03-07,NAM,store,174.22
E001181,2024-03-07,NAM,web,134.63
E001182,2024-03-07,NAM,store,115.55
E001183,2024-03-07,NAM,web,65.1
E001184,2024-03-07,NAM,web,71.71
E001185,2024-03-07,NAM,store,43.27
E001186,2024-03-07,NAM,app,71.79
E001187,2024-03-07,NAM,web,197.94
E001188,2024-03-07,NAM,web,94.32
E001189,2024-03-07,NAM,web,194.56
E001190,2024-03-07,NAM,web,62.54
E001191,2024-03-07,NAM,web,165.13
E001192,2024-03-07,NAM,app,186.02
E001193,2024-03-07,NAM,web,167.74
E001194,2024-03-07,NAM,web,120.51
E001195,2024-03-07,NAM,web,113.32
E001196,2024-03-07,NAM,web,64.83
E001197,2024-03-07,NAM,store,79.91
E001198,2024-03-07,NAM,web,61.92
E001199,2024-03-07,NAM,web,39.27
E001200,2024-03-07,NAM,web,178.05
E001201,2024-03-07,NAM,store,75.2
E001202,2024-03-07,NAM,app,100.6
E001203,2024-03-07,NAM,store,59.75
E001204,2024-03-07,NAM,web,193.21
E001205,2024-03-07,NAM,app,71.58
E001206,2024-03-07,NAM,web,189.29
E001207,2024-03-07,NAM,app,63.03
E001208,2024-03-07,NAM,web,27.25
E001209,2024-03-07,NAM,store,148.0
E001210,2024-03-07,NAM,store,168.3
E001211,2024-03-07,NAM,store,195.14
E001212,2024-03-07,NAM,app,195.56
E001213,2024-03-07,NAM,store,59.28
E001214,2024-03-07,NAM,store,46.74
E001215,2024-03-07,NAM,app,21.29
E001216,2024-03-07,NAM,app,145.34
E001217,2024-03-07,NAM,app,156.8
E001218,2024-03-07,NAM,store,188.73
E001219,2024-03-07,NAM,web,53.21
E001220,2024-03-07,NAM,app,167.32
E001221,2024-03-07,NAM,web,179.37
E001222,2024-03-07,NAM,store,69.9
E001223,2024-03-07,NAM,store,95.25
E001224,2024-03-07,NAM,store,74.68
E001225,2024-03-07,NAM,store,162.03
E001226,2024-03-07,NAM,app,96.39
E001227,2024-03-07,NAM,store,179.83
E001228,2024-03-07,NAM,web,151.23
E001229,2024-03-07,EU,store,69.59
E001230,2024-03-07,EU,app,108.7
E001231,2024-03-07,EU,web,109.68
E001232,2024-03-07,EU,app,26.59
E001233,2024-03-07,EU,app,193.49
E001234,2024-03-07,EU,store,12.31
E001235,2024-03-07,EU,web,108.64
E001236,2024-03-07,EU,store,29.51
E001237,2024-03-07,EU,store,89.43
E001238,2024-03-07,EU,store,144.07
E001239,2024-03-07,EU,web,109.92
E001240,2024-03-07,EU,store,14.68
E001241,2024-03-07,EU,store,140.34
E001242,2024-03-07,EU,store,182.48
E001243,2024-03-07,EU,web,158.11
E001244,2024-03-07,EU,web,175.26
E001245,2024-03-07,EU,web,84.99
E001246,2024-03-07,EU,app,70.13
E001247,2024-03-07,EU,app,50.15
E001248,2024-03-07,EU,web,69.65
E001249,2024-03-07,EU,app,154.28
E001250,2024-03-07,EU,web,88.26
E001251,2024-03-07,EU,store,60.5
E001252,2024-03-07,EU,app,75.27
E001253,2024-03-07,EU,web,96.61
E001254,2024-03-07,EU,store,121.32
E001255,2024-03-07,EU,store,113.62
E001256,2024-03-07,EU,app,179.98
E001257,2024-03-07,EU,store,106.22
E001258,2024-03-07,EU,web,139.01
E001259,2024-03-07,EU,store,192.59
E001260,2024-03-07,EU,web,102.26
E001261,2024-03-07,EU,store,153.28
E001262,2024-03-07,EU,web,164.04
E001263,2024-03-07,EU,web,183.65
E001264,2024-03-07,EU,app,22.34
E001265,2024-03-07,EU,store,149.86
E001266,2024-03-07,EU,app,183.78
E001267,2024-03-07,EU,store,122.45
E001268,2024-03-07,EU,app,80.7
E001269,2024-03-07,EU,app,113.19
E001270,2024-03-07,EU,app,181.48
E001271,2024-03-07,EU,store,148.75
E001272,2024-03-07,EU,store,185.14
E001273,2024-03-07,EU,store,155.08
E001274,2024-03-07,EU,web,95.41
E001275,2024-03-07,EU,app,62.75
E001276,2024-03-07,EU,store,96.13
E001277,2024-03-07,EU,app,11.86
E001278,2024-03-07,EU,store,61.77
E001279,2024-03-07,EU,web,171.04
E001280,2024-03-07,EU,app,57.66
E001281,2024-03-07,EU,store,52.69
E001282,2024-03-07,EU,store,64.11
E001283,2024-03-07,EU,store,132.51
E001284,2024-03-07,EU,app,176.61
E001285,2024-03-07,EU,web,53.78
E001286,2024-03-07,EU,store,150.39
E001287,2024-03-07,EU,store,80.3
E001288,2024-03-07,APAC,app,180.02
E001289,2024-03-07,APAC,store,98.44
E001290,2024-03-07,APAC,web,29.89
E001291,2024-03-07,APAC,store,37.41
E001292,2024-03-07,APAC,store,64.58
E001293,2024-03-07,APAC,store,119.15
E001294,2024-03-07,APAC,app,33.43
E001295,2024-03-07,APAC,app,152.08
E001296,2024-03-07,APAC,web,33.31
E001297,2024-03-07,APAC,store,55.66
E001298,2024-03-07,APAC,web,182.89
E001299,2024-03-07,APAC,store,174.67
E001300,2024-03-07,APAC,store,76.64
E001301,2024-03-07,APAC,app,91.82
E001302,2024-03-07,APAC,store,101.72
E001303,2024-03-07,APAC,web,50.02
E001304,2024-03-07,APAC,app,79.22
E001305,2024-03-07,APAC,web,17.47
E001306,2024-03-07,APAC,store,140.75
E001307,2024-03-07,APAC,app,132.02
E001308,2024-03-07,APAC,web,177.73
E001309,2024-03-07,APAC,store,128.58
E001310,2024-03-07,APAC,web,91.67
E001311,2024-03-07,APAC,store,160.78
E001312,2024-03-07,APAC,web,107.71
E001313,2024-03-07,APAC,web,196.07
E001314,2024-03-07,APAC,store,103.82
E001315,2024-03-07,APAC,app,158.52
E001316,2024-03-07,APAC,app,167.05
E001317,2024-03-07,APAC,web,8.62
E001318,2024-03-07,APAC,store,39.56
E001319,2024-03-07,APAC,web,55.18
E001320,2024-03-07,APAC,store,9.66
E001321,2024-03-07,APAC,store,63.26
E001322,2024-03-07,APAC,store,142.1
E001323,2024-03-07,APAC,app,155.89
E001324,2024-03-07,APAC,web,47.93
E001325,2024-03-07,APAC,app,171.21
E001326,2024-03-07,APAC,app,17.68
E001327,2024-03-07,APAC,web,50.16
E001328,2024-03-07,APAC,store,188.72
E001329,2024-03-07,APAC,app,147.13
E001330,2024-03-07,APAC,app,106.64
E001331,2024-03-07,APAC,app,140.22
E001332,2024-03-07,APAC,app,70.58
E001333,2024-03-07,APAC,app,23.08
E001334,2024-03-07,APAC,app,157.63
E001335,2024-03-07,APAC,web,128.72
E001336,2024-03-07,APAC,web,13.68
E001337,2024-03-07,APAC,store,180.66
E001338,2024-03-07,APAC,app,185.6
E001339,2024-03-07,APAC,app,120.93
E001340,2024-03-07,APAC,app,164.53
E001341,2024-03-07,APAC,app,126.96
E001342,2024-03-07,APAC,web,35.73
E001343,2024-03-07,APAC,store,122.87
E001344,2024-03-07,APAC,store,19.74
E001345,2024-03-07,APAC,app,30.97
E001346,2024-03-07,APAC,app,56.19
E001347,2024-03-07,APAC,app,154.24
E001348,2024-03-07,APAC,app,7.69
E001349,2024-03-07,APAC,web,199.41
E001350,2024-03-07,APAC,app,104.41
E001351,2024-03-07,APAC,web,45.96
E001352,2024-03-07,APAC,app,83.45
E001353,2024-03-07,APAC,web,159.01
E001354,2024-03-07,APAC,app,168.27
E001355,2024-03-07,APAC,web,198.1
E001356,2024-03-07,APAC,store,75.2
E001357,2024-03-07,APAC,app,50.62
E001358,2024-03-07,APAC,web,68.05
E001359,2024-03-08,NAM,web,5.63
E001360,2024-03-08,NAM,store,158.27
E001361,2024-03-08,NAM,web,8.71
E001362,2024-03-08,NAM,store,18.56
E001363,2024-03-08,NAM,store,136.27
E001364,2024-03-08,NAM,store,66.13
E001365,2024-03-08,NAM,store,45.98
E001366,2024-03-08,NAM,store,88.25
E001367,2024-03-08,NAM,app,130.91
E001368,2024-03-08,NAM,web,21.97
E001369,2024-03-08,NAM,web,154.44
E001370,2024-03-08,NAM,web,102.55
E001371,2024-03-08,NAM,store,148.12
E001372,2024-03-08,NAM,app,123.28
E001373,2024-03-08,NAM,app,141.21
E001374,2024-03-08,NAM,web,27.61
E001375,2024-03-08,NAM,web,92.39
E001376,2024-03-08,NAM,web,27.32
E001377,2024-03-08,NAM,app,132.19
E001378,2024-03-08,NAM,web,149.68
E001379,2024-03-08,NAM,store,81.02
E001380,2024-03-08,NAM,app,45.48
E001381,2024-03-08,NAM,app,118.17
E001382,2024-03-08,NAM,app,187.05
E001383,2024-03-08,NAM,web,182.2
E001384,2024-03-08,NAM,web,198.18
E001385,2024-03-08,NAM,app,146.53
E001386,2024-03-08,NAM,app,165.84
E001387,2024-03-08,NAM,web,61.34
E001388,2024-03-08,NAM,app,126.47
E001389,2024-03-08,NAM,store,25.87
E001390,2024-03-08,NAM,store,98.59
E001391,2024-03-08,NAM,web,169.77
E001392,2024-03-08,NAM,web,156.81
E001393,2024-03-08,NAM,store,150.43
E001394,2024-03-08,NAM,web,139.85
E001395,2024-03-08,NAM,web,107.41
E001396,2024-03-08,NAM,web,139.43
E001397,2024-03-08,NAM,web,103.26
E001398,2024-03-08,NAM,app,195.31
E001399,2024-03-08,NAM,web,102.89
E001400,2024-03-08,NAM,app,17.87
E001401,2024-03-08,NAM,app,170.9
E001402,2024-03-08,NAM,web,149.81
E001403,2024-03-08,NAM,web,117.73
E001404,2024-03-08,NAM,store,117.32
E001405,2024-03-08,NAM,web,148.34
E001406,2024-03-08,NAM,app,69.39
E001407,2024-03-08,NAM,web,96.6
E001408,2024-03-08,EU,store,47.16
E001409,2024-03-08,EU,app,9.89
E001410,2024-03-08,EU,web,39.95
E001411,2024-03-08,EU,web,172.16
E001412,2024-03-08,EU,app,151.24
E001413,2024-03-08,EU,store,91.62
E001414,2024-03-08,EU,store,95.73
E001415,2024-03-08,EU,web,173.28
E001416,2024-03-08,EU,store,128.21
E001417,2024-03-08,EU,app,77.97
E001418,2024-03-08,EU,web,127.19
E001419,2024-03-08,EU,web,99.57
E001420,2024-03-08,EU,web,55.41
E001421,2024-03-08,EU,app,140.72
E001422,2024-03-08,EU,web,117.31
E001423,2024-03-08,EU,web,55.65
E001424,2024-03-08,EU,web,78.12
E001425,2024-03-08,EU,store,98.31
E001426,2024-03-08,EU,store,145.08
E001427,2024-03-08,EU,store,148.58
E001428,2024-03-08,EU,app,168.87
E001429,2024-03-08,EU,app,80.22
E001430,2024-03-08,EU,app,179.7
E001431,2024-03-08,EU,store,133.53
E001432,2024-03-08,EU,app,111.09
E001433,2024-03-08,EU,store,147.95
E001434,2024-03-08,EU,app,197.77
E001435,2024-03-08,EU,web,161.04
E001436,2024-03-08,EU,web,52.31
E001437,2024-03-08,EU,web,117.12
E001438,2024-03-08,EU,web,34.03
E001439,2024-03-08,EU,store,192.32
E001440,2024-03-08,EU,web,199.02
E001441,2024-03-08,EU,app,151.75
E001442,2024-03-08,EU,web,75.73
E001443,2024-03-08,EU,app,23.82
E001444,2024-03-08,EU,web,127.74
E001445,2024-03-08,EU,web,155.84
E001446,2024-03-08,EU,app,76.17
E001447,2024-03-08,EU,store,187.84
E001448,2024-03-08,EU,store,188.28
E001449,2024-03-08,EU,web,184.17
E001450,2024-03-08,EU,web,172.85
E001451,2024-03-08,EU,web,142.22
E001452,2024-03-08,EU,web,168.88
E001453,2024-03-08,EU,store,109.65
E001454,2024-03-08,EU,web,76.57
E001455,2024-03-08,EU,app,173.72
E001456,2024-03-08,EU,app,36.31
E001457,2024-03-08,EU,store,155.57
E001458,2024-03-08,EU,store,40.85
E001459,2024-03-08,EU,web,43.46
E001460,2024-03-08,EU,store,59.56
E001461,2024-03-08,EU,app,52.24
E001462,2024-03-08,EU,web,68.32
E001463,2024-03-08,EU,web,155.95
E001464,2024-03-08,EU,app,99.12
E001465,2024-03-08,EU,web,122.55
E001466,2024-03-08,EU,store,62.32
E001467,2024-03-08,EU,web,181.76
E001468,2024-03-08,EU,web,170.81
E001469,2024-03-08,EU,store,38.09
E001470,2024-03-08,EU,web,92.92
E001471,2024-03-08,EU,store,38.28
E001472,2024-03-08,APAC,app,184.96
E001473,2024-03-08,APAC,web,81.35
E001474,2024-03-08,APAC,store,17.35
E001475,2024-03-08,APAC,app,197.33
E001476,2024-03-08,APAC,store,104.72
E001477,2024-03-08,APAC,store,111.04
E001478,2024-03-08,APAC,web,140.77
E001479,2024-03-08,APAC,app,73.75
E001480,2024-03-08,APAC,app,53.32
E001481,2024-03-08,APAC,app,14.72
E001482,2024-03-08,APAC,web,54.74
E001483,2024-03-08,APAC,store,6.58
E001484,2024-03-08,APAC,store,146.86
E001485,2024-03-08,APAC,app,83.92
E001486,2024-03-08,APAC,store,121.07
E001487,2024-03-08,APAC,web,135.27
E001488,2024-03-08,APAC,web,143.03
E001489,2024-03-08,APAC,web,100.89
E001490,2024-03-08,APAC,store,194.23
E001491,2024-03-08,APAC,app,116.63
E001492,2024-03-08,APAC,store,138.06
E001493,2024-03-08,APAC,app,189.01
E001494,2024-03-08,APAC,web,130.8
E001495,2024-03-08,APAC,store,61.28
E001496,2024-03-08,APAC,store,196.56
E001497,2024-03-08,APAC,app,108.42
E001498,2024-03-08,APAC,web,26.54
E001499,2024-03-08,APAC,store,154.01
E001500,2024-03-08,APAC,web,17.89
E001501,2024-03-08,APAC,store,42.37
E001502,2024-03-08,APAC,app,170.8
E001503,2024-03-08,APAC,web,70.63
E001504,2024-03-08,APAC,web,171.97
E001505,2024-03-08,APAC,store,142.15
E001506,2024-03-08,APAC,store,198.28
E001507,2024-03-08,APAC,web,134.64
E001508,2024-03-08,APAC,web,150.27
E001509,2024-03-08,APAC,store,144.23
E001510,2024-03-08,APAC,store,19.08
E001511,2024-03-08,APAC,web,155.7
E001512,2024-03-08,APAC,web,124.3
E001513,2024-03-08,APAC,store,6.81
E001514,2024-03-08,APAC,web,109.02
E001515,2024-03-08,APAC,store,150.93
E001516,2024-03-08,APAC,web,71.44
E001517,2024-03-08,APAC,app,23.63
E001518,2024-03-08,APAC,store,101.33
E001519,2024-03-08,APAC,web,157.17
E001520,2024-03-08,APAC,web,114.2
E001521,2024-03-08,APAC,app,192.76
E001522,2024-03-08,APAC,web,137.99
E001523,2024-03-08,APAC,app,171.79
E001524,2024-03-08,APAC,app,79.1
E001525,2024-03-08,APAC,store,62.94
E001526,2024-03-08,APAC,store,196.95
E001527,2024-03-08,APAC,web,148.24
E001528,2024-03-08,APAC,web,61.82
E001529,2024-03-08,APAC,web,129.06
E001530,2024-03-08,APAC,app,13.94
E001531,2024-03-08,APAC,web,25.28
E001532,2024-03-08,APAC,web,149.23
E001533,2024-03-08,APAC,app,102.17
E001534,2024-03-08,APAC,web,69.06
E001535,2024-03-08,APAC,store,187.36
E001536,2024-03-08,APAC,web,103.96
E001537,2024-03-08,APAC,app,142.35
E001538,2024-03-08,APAC,app,165.12
E001539,2024-03-08,APAC,web,20.33
E001540,2024-03-08,APAC,web,96.11
E001541,2024-03-08,APAC,store,8.98
E001542,2024-03-08,APAC,web,184.34
E001543,2024-03-08,APAC,store,85.8
E001544,2024-03-08,APAC,app,31.61
E001545,2024-03-08,APAC,store,108.94
E001546,2024-03-08,APAC,store,38.99
E001547,2024-03-08,APAC,app,190.41
E001548,2024-03-08,APAC,store,185.79
E001549,2024-03-08,APAC,store,108.66
E001550,2024-03-08,APAC,store,63.59
E001551,2024-03-08,APAC,app,34.51
E001552,2024-03-08,APAC,app,125.28
E001553,2024-03-08,APAC,app,7.65
E001554,2024-03-09,NAM,app,71.83
E001555,2024-03-09,NAM,store,140.96
E001556,2024-03-09,NAM,web,167.88
E001557,2024-03-09,NAM,store,125.09
E001558,2024-03-09,NAM,web,133.48
E001559,2024-03-09,NAM,store,185.82
E001560,2024-03-09,NAM,app,13.44
E001561,2024-03-09,NAM,store,57.19
E001562,2024-03-09,NAM,store,54.18
E001563,2024-03-09,NAM,app,39.49
E001564,2024-03-09,NAM,web,9.88
E001565,2024-03-09,NAM,store,40.46
E001566,2024-03-09,NAM,store,48.55
E001567,2024-03-09,NAM,store,55.38
E001568,2024-03-09,NAM,app,153.72
E001569,2024-03-09,NAM,store,92.49
E001570,2024-03-09,NAM,app,57.46
E001571,2024-03-09,NAM,web,196.33
E001572,2024-03-09,NAM,app,18.63
E001573,2024-03-09,NAM,store,142.83
E001574,2024-03-09,NAM,web,145.38
E001575,2024-03-09,NAM,app,62.61
E001576,2024-03-09,NAM,app,8.84
E001577,2024-03-09,NAM,web,62.66
E001578,2024-03-09,NAM,app,178.79
E001579,2024-03-09,NAM,store,138.22
E001580,2024-03-09,NAM,web,42.95
E001581,2024-03-09,NAM,store,74.08
E001582,2024-03-09,NAM,store,197.32
E001583,2024-03-09,NAM,store,91.4
E001584,2024-03-09,NAM,web,187.02
E001585,2024-03-09,NAM,store,199.42
E001586,2024-03-09,NAM,web,132.54
E001587,2024-03-09,NAM,web,81.05
E001588,2024-03-09,NAM,web,95.07
E001589,2024-03-09,NAM,app,59.31
E001590,2024-03-09,NAM,app,154.47
E001591,2024-03-09,NAM,web,140.71
E001592,2024-03-09,NAM,store,34.89
E001593,2024-03-09,NAM,store,51.22
E001594,2024-03-09,NAM,store,187.64
E001595,2024-03-09,NAM,app,97.0
E001596,2024-03-09,NAM,store,120.96
E001597,2024-03-09,EU,app,174.27
E001598,2024-03-09,EU,store,180.3
E001599,2024-03-09,EU,web,56.15
E001600,2024-03-09,EU,app,174.76
E001601,2024-03-09,EU,store,171.02
E001602,2024-03-09,EU,store,81.29
E001603,2024-03-09,EU,web,51.86
E001604,2024-03-09,EU,web,174.77
E001605,2024-03-09,EU,web,76.6
E001606,2024-03-09,EU,store,175.54
E001607,2024-03-09,EU,web,92.34
E001608,2024-03-09,EU,app,115.46
E001609,2024-03-09,EU,app,57.15
E001610,2024-03-09,EU,web,57.0
E001611,2024-03-09,EU,store,105.53
E001612,2024-03-09,EU,web,24.6
E001613,2024-03-09,EU,web,39.09
E001614,2024-03-09,EU,store,91.57
E001615,2024-03-09,EU,web,31.91
E001616,2024-03-09,EU,app,84.79
E001617,2024-03-09,EU,store,112.31
E001618,2024-03-09,EU,app,179.04
E001619,2024-03-09,EU,store,28.58
E001620,2024-03-09,EU,store,167.48
E001621,2024-03-09,EU,app,137.24
E001622,2024-03-09,EU,app,36.2
E001623,2024-03-09,EU,web,141.48
E001624,2024-03-09,EU,app,160.5
E001625,2024-03-09,EU,web,47.34
E001626,2024-03-09,EU,store,167.38
E001627,2024-03-09,EU,web,135.39
E001628,2024-03-09,EU,app,171.05
E001629,2024-03-09,EU,app,184.33
E001630,2024-03-09,EU,app,176.84
E001631,2024-03-09,EU,web,79.09
E001632,2024-03-09,EU,store,108.0
E001633,2024-03-09,EU,store,153.08
E001634,2024-03-09,EU,web,178.73
E001635,2024-03-09,EU,store,150.23
E001636,2024-03-09,EU,web,140.36
E001637,2024-03-09,EU,store,183.8
E001638,2024-03-09,EU,web,98.43
E001639,2024-03-09,EU,app,10.89
E001640,2024-03-09,EU,web,157.46
E001641,2024-03-09,EU,web,105.13
E001642,2024-03-09,EU,app,42.97
E001643,2024-03-09,EU,app,82.46
E001644,2024-03-09,EU,app,162.29
E001645,2024-03-09,EU,web,145.74
E001646,2024-03-09,EU,app,53.97
E001647,2024-03-09,APAC,web,176.59
E001648,2024-03-09,APAC,store,130.48
E001649,2024-03-09,APAC,store,184.74
E001650,2024-03-09,APAC,app,123.14
E001651,2024-03-09,APAC,store,86.71
E001652,2024-03-09,APAC,store,100.49
E001653,2024-03-09,APAC,app,48.38
E001654,2024-03-09,APAC,app,103.99
E001655,2024-03-09,APAC,app,11.09
E001656,2024-03-09,APAC,app,60.47
E001657,2024-03-09,APAC,app,128.66
E001658,2024-03-09,APAC,web,124.82
E001659,2024-03-09,APAC,store,134.47
E001660,2024-03-09,APAC,web,54.97
E001661,2024-03-09,APAC,app,78.38
E001662,2024-03-09,APAC,store,189.47
E001663,2024-03-09,APAC,store,40.33
E001664,2024-03-09,APAC,web,192.48
E001665,2024-03-09,APAC,web,172.62
E001666,2024-03-09,APAC,app,164.3
E001667,2024-03-09,APAC,app,120.88
E001668,2024-03-09,APAC,store,52.45
E001669,2024-03-09,APAC,store,91.61
E001670,2024-03-09,APAC,app,47.05
E001671,2024-03-09,APAC,store,144.39
E001672,2024-03-09,APAC,web,143.45
E001673,2024-03-09,APAC,web,161.82
E001674,2024-03-09,APAC,store,198.07
E001675,2024-03-09,APAC,app,128.12
E001676,2024-03-09,APAC,app,9.02
E001677,2024-03-09,APAC,store,27.0
E001678,2024-03-09,APAC,store,188.91
E001679,2024-03-09,APAC,store,127.5
E001680,2024-03-09,APAC,app,16.54
E001681,2024-03-09,APAC,store,178.87
E001682,2024-03-09,APAC,app,127.63
E001683,2024-03-09,APAC,store,88.75
E001684,2024-03-09,APAC,app,52.56
E001685,2024-03-09,APAC,store,135.19
E001686,2024-03-09,APAC,web,110.28
E001687,2024-03-09,APAC,store,55.71
E001688,2024-03-09,APAC,store,43.18
E001689,2024-03-09,APAC,web,167.59
E001690,2024-03-09,APAC,web,19.49
E001691,2024-03-09,APAC,web,53.09
E001692,2024-03-09,APAC,store,119.32
E001693,2024-03-09,APAC,app,176.04
E001694,2024-03-09,APAC,store,193.9
E001695,2024-03-09,APAC,store,177.43
E001696,2024-03-09,APAC,web,32.67
E001697,2024-03-09,APAC,app,191.38
E001698,2024-03-09,APAC,store,126.31
E001699,2024-03-09,APAC,web,56.57
E001700,2024-03-09,APAC,web,44.15
E001701,2024-03-09,APAC,store,87.05
E001702,2024-03-09,APAC,store,172.81
E001703,2024-03-09,APAC,web,125.79
E001704,2024-03-09,APAC,web,66.33
E001705,2024-03-09,APAC,app,39.42
E001706,2024-03-09,APAC,store,154.1
E001707,2024-03-09,APAC,store,148.22
E001708,2024-03-10,NAM,store,114.11
E001709,2024-03-10,NAM,store,123.86
E001710,2024-03-10,NAM,web,61.02
E001711,2024-03-10,NAM,web,94.57
E001712,2024-03-10,NAM,app,114.89
E001713,2024-03-10,NAM,store,162.99
E001714,2024-03-10,NAM,store,85.95
E001715,2024-03-10,NAM,web,172.8
E001716,2024-03-10,NAM,store,155.93
E001717,2024-03-10,NAM,store,180.37
E001718,2024-03-10,NAM,app,100.93
E001719,2024-03-10,NAM,store,58.06
E001720,2024-03-10,NAM,web,133.22
E001721,2024-03-10,NAM,web,87.45
E001722,2024-03-10,NAM,app,83.43
E001723,2024-03-10,NAM,app,23.24
E001724,2024-03-10,NAM,web,14.57
E001725,2024-03-10,NAM,web,68.2
E001726,2024-03-10,NAM,store,94.09
E001727,2024-03-10,NAM,store,127.2
E001728,2024-03-10,NAM,store,163.08
E001729,2024-03-10,NAM,store,190.97
E001730,2024-03-10,NAM,store,18.03
E001731,2024-03-10,NAM,app,190.17
E001732,2024-03-10,NAM,app,95.56
E001733,2024-03-10,NAM,store,41.05
E001734,2024-03-10,NAM,store,16.75
E001735,2024-03-10,NAM,web,85.19
E001736,2024-03-10,NAM,store,104.11
E001737,2024-03-10,NAM,app,47.79
E001738,2024-03-10,NAM,store,193.8
E001739,2024-03-10,NAM,app,53.25
E001740,2024-03-10,NAM,app,50.57
E001741,2024-03-10,NAM,store,96.06
E001742,2024-03-10,NAM,app,177.79
E001743,2024-03-10,NAM,app,13.58
E001744,2024-03-10,NAM,web,34.79
E001745,2024-03-10,NAM,store,157.36
E001746,2024-03-10,NAM,app,98.57
E001747,2024-03-10,NAM,web,130.3
E001748,2024-03-10,NAM,app,8.76
E001749,2024-03-10,NAM,web,199.56
E001750,2024-03-10,NAM,web,69.5
E001751,2024-03-10,NAM,store,100.99
E001752,2024-03-10,NAM,store,48.4
E001753,2024-03-10,NAM,app,47.42
E001754,2024-03-10,NAM,web,67.69
E001755,2024-03-10,NAM,web,92.2
E001756,2024-03-10,NAM,app,111.93
E001757,2024-03-10,NAM,store,11.41
E001758,2024-03-10,NAM,app,57.06
E001759,2024-03-10,NAM,app,10.35
E001760,2024-03-10,NAM,store,148.14
E001761,2024-03-10,NAM,store,142.85
E001762,2024-03-10,NAM,app,69.84
E001763,2024-03-10,NAM,store,105.77
E001764,2024-03-10,NAM,app,182.38
E001765,2024-03-10,NAM,store,21.74
E001766,2024-03-10,NAM,web,12.46
E001767,2024-03-10,NAM,app,66.18
E001768,2024-03-10,NAM,store,28.31
E001769,2024-03-10,NAM,store,169.75
E001770,2024-03-10,NAM,app,121.91
E001771,2024-03-10,NAM,store,84.12
E001772,2024-03-10,NAM,web,56.97
E001773,2024-03-10,NAM,app,193.31
E001774,2024-03-10,NAM,web,94.55
E001775,2024-03-10,NAM,app,177.56
E001776,2024-03-10,NAM,web,197.1
E001777,2024-03-10,NAM,web,54.46
E001778,2024-03-10,NAM,store,42.16
E001779,2024-03-10,NAM,app,118.78
E001780,2024-03-10,NAM,app,176.29
E001781,2024-03-10,NAM,web,182.53
E001782,2024-03-10,NAM,store,71.71
E001783,2024-03-10,NAM,store,29.15
E001784,2024-03-10,NAM,app,106.18
E001785,2024-03-10,NAM,store,26.7
E001786,2024-03-10,EU,store,63.78
E001787,2024-03-10,EU,web,65.39
E001788,2024-03-10,EU,app,19.83
E001789,2024-03-10,EU,store,26.67
E001790,2024-03-10,EU,store,136.19
E001791,2024-03-10,EU,app,143.54
E001792,2024-03-10,EU,store,134.27
E001793,2024-03-10,EU,store,112.76
E001794,2024-03-10,EU,web,20.9
E001795,2024-03-10,EU,store,46.3
E001796,2024-03-10,EU,store,42.55
E001797,2024-03-10,EU,store,108.5
E001798,2024-03-10,EU,store,89.1
E001799,2024-03-10,EU,web,167.66
E001800,2024-03-10,EU,web,91.81
E001801,2024-03-10,EU,app,58.34
E001802,2024-03-10,EU,web,133.12
E001803,2024-03-10,EU,store,90.79
E001804,2024-03-10,EU,web,140.03
E001805,2024-03-10,EU,store,196.21
E001806,2024-03-10,EU,store,180.48
E001807,2024-03-10,EU,app,112.33
E001808,2024-03-10,EU,web,169.27
E001809,2024-03-10,EU,store,22.64
E001810,2024-03-10,EU,store,123.09
E001811,2024-03-10,EU,app,16.27
E001812,2024-03-10,EU,app,144.53
E001813,2024-03-10,EU,store,187.57
E001814,2024-03-10,EU,app,96.49
E001815,2024-03-10,EU,app,182.82
E001816,2024-03-10,EU,store,167.7
E001817,2024-03-10,EU,app,87.17
E001818,2024-03-10,EU,web,59.06
E001819,2024-03-10,EU,app,46.63
E001820,2024-03-10,EU,web,36.51
E001821,2024-03-10,EU,app,166.46
E001822,2024-03-10,EU,web,24.0
E001823,2024-03-10,EU,store,15.69
E001824,2024-03-10,EU,web,186.75
E001825,2024-03-10,EU,web,19.39
E001826,2024-03-10,EU,web,64.25
E001827,2024-03-10,EU,store,43.65
E001828,2024-03-10,EU,app,139.48
E001829,2024-03-10,APAC,web,173.64
E001830,2024-03-10,APAC,web,115.72
E001831,2024-03-10,APAC,web,45.63
E001832,2024-03-10,APAC,web,132.67
E001833,2024-03-10,APAC,web,67.03
E001834,2024-03-10,APAC,app,70.13
E001835,2024-03-10,APAC,web,182.54
E001836,2024-03-10,APAC,app,109.97
E001837,2024-03-10,APAC,web,129.97
E001838,2024-03-10,APAC,store,114.61
E001839,2024-03-10,APAC,store,137.72
E001840,2024-03-10,APAC,app,100.85
E001841,2024-03-10,APAC,store,40.5
E001842,2024-03-10,APAC,store,67.85
E001843,2024-03-10,APAC,web,82.07
E001844,2024-03-10,APAC,store,169.4
E001845,2024-03-10,APAC,web,117.8
E001846,2024-03-10,APAC,store,24.86
E001847,2024-03-10,APAC,web,134.84
E001848,2024-03-10,APAC,store,61.7
E001849,2024-03-10,APAC,web,99.13
E001850,2024-03-10,APAC,store,16.12
E001851,2024-03-10,APAC,store,49.52
E001852,2024-03-10,APAC,web,123.92
E001853,2024-03-10,APAC,app,24.31
E001854,2024-03-10,APAC,store,9.35
E001855,2024-03-10,APAC,web,84.85
E001856,2024-03-10,APAC,app,91.12
E001857,2024-03-10,APAC,app,184.21
E001858,2024-03-10,APAC,store,193.61
E001859,2024-03-10,APAC,web,5.64
E001860,2024-03-10,APAC,store,34.35
E001861,2024-03-10,APAC,app,191.28
E001862,2024-03-10,APAC,app,20.88
E001863,2024-03-10,APAC,app,82.31
E001864,2024-03-10,APAC,app,84.33
E001865,2024-03-10,APAC,app,57.8
E001866,2024-03-10,APAC,web,51.48
E001867,2024-03-10,APAC,web,113.04
E001868,2024-03-10,APAC,web,91.96
E001869,2024-03-10,APAC,app,129.79
E001870,2024-03-10,APAC,store,190.8
E001871,2024-03-10,APAC,store,177.09
E001872,2024-03-10,APAC,app,80.03
E001873,2024-03-10,APAC,web,161.97
E001874,2024-03-10,APAC,app,82.37
E001875,2024-03-10,APAC,web,128.09
E001876,2024-03-10,APAC,app,26.6
E001877,2024-03-10,APAC,web,23.51
E001878,2024-03-10,APAC,app,48.85
E001879,2024-03-10,APAC,app,194.57
E001880,2024-03-10,APAC,app,199.88
E001881,2024-03-11,NAM,web,33.53
E001882,2024-03-11,NAM,app,91.07
E001883,2024-03-11,NAM,app,78.99
E001884,2024-03-11,NAM,web,143.39
E001885,2024-03-11,NAM,store,114.56
E001886,2024-03-11,NAM,app,118.46
E001887,2024-03-11,NAM,app,136.99
E001888,2024-03-11,NAM,app,189.6
E001889,2024-03-11,NAM,store,196.0
E001890,2024-03-11,NAM,app,25.42
E001891,2024-03-11,NAM,store,93.08
E001892,2024-03-11,NAM,web,62.39
E001893,2024-03-11,NAM,store,123.31
E001894,2024-03-11,NAM,store,44.71
E001895,2024-03-11,NAM,web,83.04
E001896,2024-03-11,NAM,app,87.74
E001897,2024-03-11,NAM,web,49.87
E001898,2024-03-11,NAM,store,67.17
E001899,2024-03-11,NAM,store,79.24
E001900,2024-03-11,NAM,store,114.14
E001901,2024-03-11,NAM,store,14.77
E001902,2024-03-11,NAM,web,124.12
E001903,2024-03-11,NAM,web,43.88
E001904,2024-03-11,NAM,store,126.47
E001905,2024-03-11,NAM,web,101.44
E001906,2024-03-11,NAM,web,114.04
E001907,2024-03-11,NAM,web,128.58
E001908,2024-03-11,NAM,store,58.4
E001909,2024-03-11,NAM,web,65.0
E001910,2024-03-11,NAM,store,15.01
E001911,2024-03-11,NAM,store,72.69
E001912,2024-03-11,NAM,web,140.55
E001913,2024-03-11,NAM,web,163.19
E001914,2024-03-11,NAM,web,173.34
E001915,2024-03-11,NAM,web,140.71
E001916,2024-03-11,NAM,store,183.59
E001917,2024-03-11,NAM,web,62.14
E001918,2024-03-11,NAM,web,19.62
E001919,2024-03-11,NAM,store,93.93
E001920,2024-03-11,NAM,store,179.83
E001921,2024-03-11,NAM,app,168.12
E001922,2024-03-11,NAM,app,15.05
E001923,2024-03-11,NAM,app,88.85
E001924,2024-03-11,NAM,app,199.12
E001925,2024-03-11,NAM,app,137.74
E001926,2024-03-11,NAM,store,76.14
E001927,2024-03-11,NAM,app,154.68
E001928,2024-03-11,NAM,store,164.32
E001929,2024-03-11,NAM,web,135.83
E001930,2024-03-11,NAM,web,143.51
E001931,2024-03-11,NAM,app,82.57
E001932,2024-03-11,NAM,store,86.3
E001933,2024-03-11,NAM,web,15.02
E001934,2024-03-11,NAM,store,90.61
E001935,2024-03-11,NAM,web,165.89
E001936,2024-03-11,NAM,web,102.66
E001937,2024-03-11,NAM,web,195.89
E001938,2024-03-11,NAM,web,180.88
E001939,2024-03-11,EU,store,119.87
E001940,2024-03-11,EU,store,118.46
E001941,2024-03-11,EU,web,95.67
E001942,2024-03-11,EU,app,75.32
E001943,2024-03-11,EU,app,17.73
E001944,2024-03-11,EU,web,76.98
E001945,2024-03-11,EU,store,112.77
E001946,2024-03-11,EU,store,36.98
E001947,2024-03-11,EU,web,13.09
E001948,2024-03-11,EU,store,186.57
E001949,2024-03-11,EU,app,113.44
E001950,2024-03-11,EU,app,85.46
E001951,2024-03-11,EU,store,6.32
E001952,2024-03-11,EU,store,8.1
E001953,2024-03-11,EU,app,62.93
E001954,2024-03-11,EU,app,83.3
E001955,2024-03-11,EU,store,13.54
E001956,2024-03-11,EU,app,196.7
E001957,2024-03-11,EU,web,24.28
E001958,2024-03-11,EU,store,149.03
E001959,2024-03-11,EU,store,138.95
E001960,2024-03-11,EU,app,148.85
E001961,2024-03-11,EU,web,28.09
E001962,2024-03-11,EU,store,199.26
E001963,2024-03-11,EU,store,44.18
E001964,2024-03-11,EU,app,77.85
E001965,2024-03-11,EU,app,179.59
E001966,2024-03-11,EU,app,107.24
E001967,2024-03-11,EU,store,144.4
E001968,2024-03-11,EU,web,102.07
E001969,2024-03-11,EU,web,14.06
E001970,2024-03-11,EU,store,173.68
E001971,2024-03-11,EU,app,6.61
E001972,2024-03-11,EU,store,98.0
E001973,2024-03-11,EU,web,108.24
E001974,2024-03-11,EU,web,22.39
E001975,2024-03-11,EU,app,40.81
E001976,2024-03-11,EU,store,135.3
E001977,2024-03-11,EU,store,67.56
E001978,2024-03-11,EU,app,46.82
E001979,2024-03-11,EU,app,12.76
E001980,2024-03-11,EU,store,54.55
E001981,2024-03-11,EU,store,118.91
E001982,2024-03-11,EU,web,76.99
E001983,2024-03-11,EU,web,116.22
E001984,2024-03-11,EU,web,146.2
E001985,2024-03-11,EU,web,100.47
E001986,2024-03-11,EU,store,64.84
E001987,2024-03-11,EU,web,108.9
E001988,2024-03-11,EU,web,127.57
E001989,2024-03-11,EU,web,192.05
E001990,2024-03-11,EU,app,44.44
E001991,2024-03-11,EU,web,145.16
E001992,2024-03-11,EU,store,180.37
E001993,2024-03-11,EU,app,51.16
E001994,2024-03-11,EU,store,184.75
E001995,2024-03-11,EU,store,137.42
E001996,2024-03-11,EU,app,190.81
E001997,2024-03-11,EU,store,118.67
E001998,2024-03-11,EU,app,18.82
E001999,2024-03-11,EU,app,52.02
E002000,2024-03-11,EU,app,80.71
E002001,2024-03-11,EU,store,194.8
E002002,2024-03-11,EU,app,129.37
E002003,2024-03-11,EU,app,38.69
E002004,2024-03-11,EU,store,64.34
E002005,2024-03-11,EU,web,28.45
E002006,2024-03-11,EU,store,190.86
E002007,2024-03-11,EU,app,81.04
E002008,2024-03-11,EU,app,105.36
E002009,2024-03-11,EU,app,96.75
E002010,2024-03-11,EU,app,87.68
E002011,2024-03-11,EU,store,58.88
E002012,2024-03-11,EU,store,37.47
E002013,2024-03-11,EU,store,22.22
E002014,2024-03-11,EU,app,92.24
E002015,2024-03-11,EU,store,157.95
E002016,2024-03-11,EU,app,26.26
E002017,2024-03-11,EU,web,157.21
E002018,2024-03-11,EU,app,70.96
E002019,2024-03-11,EU,store,145.09
E002020,2024-03-11,APAC,store,80.13
E002021,2024-03-11,APAC,web,154.44
E002022,2024-03-11,APAC,app,136.21
E002023,2024-03-11,APAC,app,198.06
E002024,2024-03-11,APAC,web,111.48
E002025,2024-03-11,APAC,store,169.99
E002026,2024-03-11,APAC,app,7.03
E002027,2024-03-11,APAC,app,58.13
E002028,2024-03-11,APAC,app,189.91
E002029,2024-03-11,APAC,app,123.39
E002030,2024-03-11,APAC,web,198.68
E002031,2024-03-11,APAC,web,83.03
E002032,2024-03-11,APAC,app,112.82
E002033,2024-03-11,APAC,web,72.09
E002034,2024-03-11,APAC,store,143.99
E002035,2024-03-11,APAC,web,139.83
E002036,2024-03-11,APAC,web,31.68
E002037,2024-03-11,APAC,store,182.56
E002038,2024-03-11,APAC,web,54.35
E002039,2024-03-11,APAC,store,98.46
E002040,2024-03-11,APAC,web,66.41
E002041,2024-03-11,APAC,app,25.97
E002042,2024-03-11,APAC,app,37.12
E002043,2024-03-11,APAC,store,100.69
E002044,2024-03-11,APAC,web,181.09
E002045,2024-03-11,APAC,app,113.99
E002046,2024-03-11,APAC,app,195.48
E002047,2024-03-11,APAC,app,73.75
E002048,2024-03-11,APAC,app,50.62
E002049,2024-03-11,APAC,store,152.66
E002050,2024-03-11,APAC,app,166.49
E002051,2024-03-11,APAC,store,99.52
E002052,2024-03-11,APAC,store,128.24
E002053,2024-03-11,APAC,web,182.49
E002054,2024-03-11,APAC,store,8.93
E002055,2024-03-11,APAC,web,41.07
E002056,2024-03-11,APAC,store,6.18
E002057,2024-03-11,APAC,store,15.5
E002058,2024-03-11,APAC,store,178.91
E002059,2024-03-11,APAC,web,79.75
E002060,2024-03-11,APAC,web,142.65
E002061,2024-03-11,APAC,store,89.63
E002062,2024-03-11,APAC,web,94.94
E002063,2024-03-11,APAC,store,110.66
E002064,2024-03-11,APAC,store,5.38
E002065,2024-03-11,APAC,web,120.7
E002066,2024-03-11,APAC,store,58.66
E002067,2024-03-11,APAC,web,176.37
E002068,2024-03-11,APAC,store,24.96
E002069,2024-03-11,APAC,app,127.92
E002070,2024-03-11,APAC,web,16.23
E002071,2024-03-11,APAC,app,73.04
E002072,2024-03-11,APAC,web,59.55
E002073,2024-03-11,APAC,app,197.3
E002074,2024-03-11,APAC,store,103.32
E002075,2024-03-11,APAC,store,183.53
E002076,2024-03-11,APAC,web,48.79
E002077,2024-03-11,APAC,web,183.39
E002078,2024-03-11,APAC,app,38.19
E002079,2024-03-11,APAC,app,116.17
E002080,2024-03-11,APAC,app,122.67
E002081,2024-03-11,APAC,store,13.95
E002082,2024-03-11,APAC,app,84.38
E002083,2024-03-11,APAC,web,8.17
E002084,2024-03-11,APAC,web,130.3
E002085,2024-03-11,APAC,web,90.5
E002086,2024-03-11,APAC,app,175.91
E002087,2024-03-11,APAC,web,76.85
E002088,2024-03-11,APAC,app,123.8
E002089,2024-03-11,APAC,store,126.09
E002090,2024-03-11,APAC,app,136.04
E002091,2024-03-11,APAC,app,52.49
E002092,2024-03-11,APAC,app,175.61
E002093,2024-03-11,APAC,web,44.73
E002094,2024-03-11,APAC,store,150.22
E002095,2024-03-11,APAC,app,69.35
E002096,2024-03-11,APAC,app,182.29
E002097,2024-03-11,APAC,app,45.26
E002098,2024-03-11,APAC,app,177.91
E002099,2024-03-11,APAC,web,58.67
E002100,2024-03-11,APAC,app,176.99
E002101,2024-03-12,NAM,web,199.41
E002102,2024-03-12,NAM,web,165.15
E002103,2024-03-12,NAM,app,49.01
E002104,2024-03-12,NAM,store,47.33
E002105,2024-03-12,NAM,store,166.21
E002106,2024-03-12,NAM,store,48.79
E002107,2024-03-12,NAM,app,52.49
E002108,2024-03-12,NAM,web,31.83
E002109,2024-03-12,NAM,app,103.07
E002110,2024-03-12,NAM,app,127.49
E002111,2024-03-12,NAM,web,42.48
E002112,2024-03-12,NAM,web,27.83
E002113,2024-03-12,NAM,store,41.23
E002114,2024-03-12,NAM,web,187.57
E002115,2024-03-12,NAM,app,32.09
E002116,2024-03-12,NAM,app,134.96
E002117,2024-03-12,NAM,web,159.91
E002118,2024-03-12,NAM,store,131.4
E002119,2024-03-12,NAM,app,83.64
E002120,2024-03-12,NAM,app,63.92
E002121,2024-03-12,NAM,web,161.65
E002122,2024-03-12,NAM,store,100.43
E002123,2024-03-12,NAM,store,132.18
E002124,2024-03-12,NAM,store,138.68
E002125,2024-03-12,NAM,app,52.11
E002126,2024-03-12,NAM,web,49.41
E002127,2024-03-12,NAM,store,161.05
E002128,2024-03-12,NAM,store,180.36
E002129,2024-03-12,NAM,app,161.96
E002130,2024-03-12,NAM,store,90.03
E002131,2024-03-12,NAM,web,37.5
E002132,2024-03-12,NAM,store,132.88
E002133,2024-03-12,NAM,app,193.33
E002134,2024-03-12,NAM,web,176.49
E002135,2024-03-12,NAM,app,154.9
E002136,2024-03-12,NAM,web,165.61
E002137,2024-03-12,NAM,store,115.39
E002138,2024-03-12,NAM,web,86.92
E002139,2024-03-12,NAM,app,177.84
E002140,2024-03-12,NAM,app,145.98
E002141,2024-03-12,NAM,web,113.17
E002142,2024-03-12,NAM,web,114.54
E002143,2024-03-12,NAM,store,30.71
E002144,2024-03-12,NAM,web,75.1
E002145,2024-03-12,NAM,app,51.27
E002146,2024-03-12,NAM,web,136.84
E002147,2024-03-12,NAM,store,94.32
E002148,2024-03-12,NAM,store,130.98
E002149,2024-03-12,NAM,store,136.23
E002150,2024-03-12,NAM,store,133.12
E002151,2024-03-12,NAM,app,174.63
E002152,2024-03-12,NAM,web,36.45
E002153,2024-03-12,NAM,web,104.41
E002154,2024-03-12,NAM,web,119.44
E002155,2024-03-12,NAM,store,62.12
E002156,2024-03-12,NAM,store,189.31
E002157,2024-03-12,EU,app,169.61
E002158,2024-03-12,EU,store,18.87
E002159,2024-03-12,EU,app,7.36
E002160,2024-03-12,EU,store,88.1
E002161,2024-03-12,EU,app,90.89
E002162,2024-03-12,EU,store,39.77
E002163,2024-03-12,EU,web,97.37
E002164,2024-03-12,EU,web,179.09
E002165,2024-03-12,EU,web,39.85
E002166,2024-03-12,EU,app,172.76
E002167,2024-03-12,EU,store,79.81
E002168,2024-03-12,EU,web,118.24
E002169,2024-03-12,EU,store,95.86
E002170,2024-03-12,EU,store,167.0
E002171,2024-03-12,EU,store,44.29
E002172,2024-03-12,EU,store,11.26
E002173,2024-03-12,EU,store,6.08
E002174,2024-03-12,EU,web,63.76
E002175,2024-03-12,EU,app,87.42
E002176,2024-03-12,EU,web,96.32
E002177,2024-03-12,EU,app,182.03
E002178,2024-03-12,EU,store,72.51
E002179,2024-03-12,EU,store,61.08
E002180,2024-03-12,EU,app,43.69
E002181,2024-03-12,EU,app,83.09
E002182,2024-03-12,EU,app,6.11
E002183,2024-03-12,EU,store,155.51
E002184,2024-03-12,EU,store,80.52
E002185,2024-03-12,EU,store,53.33
E002186,2024-03-12,EU,web,62.65
E002187,2024-03-12,EU,app,165.11
E002188,2024-03-12,EU,store,64.81
E002189,2024-03-12,EU,app,162.5
E002190,2024-03-12,EU,app,30.73
E002191,2024-03-12,EU,app,85.73
E002192,2024-03-12,EU,web,189.22
E002193,2024-03-12,EU,app,67.53
E002194,2024-03-12,EU,store,195.47
E002195,2024-03-12,EU,app,88.1
E002196,2024-03-12,EU,app,23.91
E002197,2024-03-12,EU,store,81.79
E002198,2024-03-12,EU,web,177.38
E002199,2024-03-12,EU,web,112.76
E002200,2024-03-12,APAC,web,22.97
E002201,2024-03-12,APAC,web,23.8
E002202,2024-03-12,APAC,app,99.62
E002203,2024-03-12,APAC,store,65.53
E002204,2024-03-12,APAC,store,37.66
E002205,2024-03-12,APAC,app,37.4
E002206,2024-03-12,APAC,app,169.55
E002207,2024-03-12,APAC,app,149.48
E002208,2024-03-12,APAC,web,70.1
E002209,2024-03-12,APAC,store,155.34
E002210,2024-03-12,APAC,store,31.34
E002211,2024-03-12,APAC,app,189.4
E002212,2024-03-12,APAC,store,115.58
E002213,2024-03-12,APAC,web,67.9
E002214,2024-03-12,APAC,app,39.02
E002215,2024-03-12,APAC,web,164.99
E002216,2024-03-12,APAC,store,45.2
E002217,2024-03-12,APAC,web,73.69
E002218,2024-03-12,APAC,web,127.09
E002219,2024-03-12,APAC,app,192.98
E002220,2024-03-12,APAC,app,159.34
E002221,2024-03-12,APAC,store,121.93
E002222,2024-03-12,APAC,store,152.37
E002223,2024-03-12,APAC,store,11.95
E002224,2024-03-12,APAC,store,117.11
E002225,2024-03-12,APAC,store,160.05
E002226,2024-03-12,APAC,web,50.36
E002227,2024-03-12,APAC,web,69.86
E002228,2024-03-12,APAC,store,132.05
E002229,2024-03-12,APAC,web,182.22
E002230,2024-03-12,APAC,store,175.11
E002231,2024-03-12,APAC,store,139.36
E002232,2024-03-12,APAC,app,40.57
E002233,2024-03-12,APAC,web,144.24
E002234,2024-03-12,APAC,web,181.83
E002235,2024-03-12,APAC,store,105.77
E002236,2024-03-12,APAC,store,127.77
E002237,2024-03-12,APAC,app,116.02
E002238,2024-03-12,APAC,store,75.8
E002239,2024-03-12,APAC,store,77.01
E002240,2024-03-12,APAC,store,181.22
E002241,2024-03-12,APAC,store,159.64
E002242,2024-03-12,APAC,store,167.58
E002243,2024-03-12,APAC,store,198.02
E002244,2024-03-12,APAC,store,102.77
E002245,2024-03-12,APAC,web,147.97
E002246,2024-03-12,APAC,app,193.75
E002247,2024-03-12,APAC,store,10.01
E002248,2024-03-12,APAC,app,12.52
E002249,2024-03-12,APAC,web,158.6
E002250,2024-03-12,APAC,app,178.06
E002251,2024-03-12,APAC,store,105.85
E002252,2024-03-12,APAC,app,105.04
E002253,2024-03-12,APAC,store,5.17
E002254,2024-03-12,APAC,web,107.12
E002255,2024-03-13,NAM,app,173.4
E002256,2024-03-13,NAM,store,171.25
E002257,2024-03-13,NAM,web,57.89
E002258,2024-03-13,NAM,app,142.87
E002259,2024-03-13,NAM,app,33.33
E002260,2024-03-13,NAM,store,191.78
E002261,2024-03-13,NAM,store,194.15
E002262,2024-03-13,NAM,app,130.47
E002263,2024-03-13,NAM,web,135.86
E002264,2024-03-13,NAM,store,44.29
E002265,2024-03-13,NAM,store,29.19
E002266,2024-03-13,NAM,web,56.03
E002267,2024-03-13,NAM,store,17.88
E002268,2024-03-13,NAM,store,130.81
E002269,2024-03-13,NAM,web,109.49
E002270,2024-03-13,NAM,web,162.39
E002271,2024-03-13,NAM,store,5.53
E002272,2024-03-13,NAM,app,176.54
E002273,2024-03-13,NAM,store,186.95
E002274,2024-03-13,NAM,web,79.83
E002275,2024-03-13,NAM,store,53.39
E002276,2024-03-13,NAM,store,86.94
E002277,2024-03-13,NAM,store,100.14
E002278,2024-03-13,NAM,store,139.24
E002279,2024-03-13,NAM,store,140.22
E002280,2024-03-13,NAM,app,104.18
E002281,2024-03-13,NAM,app,154.57
E002282,2024-03-13,NAM,web,56.16
E002283,2024-03-13,NAM,app,182.27
E002284,2024-03-13,NAM,app,145.0
E002285,2024-03-13,NAM,store,37.81
E002286,2024-03-13,NAM,store,184.88
E002287,2024-03-13,NAM,web,188.87
E002288,2024-03-13,NAM,store,127.74
E002289,2024-03-13,NAM,web,8.58
E002290,2024-03-13,NAM,app,142.28
E002291,2024-03-13,NAM,app,75.4
E002292,2024-03-13,NAM,web,183.0
E002293,2024-03-13,NAM,store,31.76
E002294,2024-03-13,NAM,app,78.32
E002295,2024-03-13,NAM,store,39.0
E002296,2024-03-13,NAM,store,98.95
E002297,2024-03-13,NAM,app,179.7
E002298,2024-03-13,NAM,store,6.01
E002299,2024-03-13,NAM,store,16.01
E002300,2024-03-13,NAM,web,113.54
E002301,2024-03-13,NAM,store,123.99
E002302,2024-03-13,NAM,web,167.13
E002303,2024-03-13,NAM,app,113.62
E002304,2024-03-13,NAM,web,53.66
E002305,2024-03-13,NAM,app,156.46
E002306,2024-03-13,NAM,web,31.77
E002307,2024-03-13,EU,app,167.3
E002308,2024-03-13,EU,app,62.15
E002309,2024-03-13,EU,store,34.13
E002310,2024-03-13,EU,web,122.62
E002311,2024-03-13,EU,store,29.5
E002312,2024-03-13,EU,store,109.36
E002313,2024-03-13,EU,store,25.82
E002314,2024-03-13,EU,app,108.41
E002315,2024-03-13,EU,store,43.83
E002316,2024-03-13,EU,web,197.18
E002317,2024-03-13,EU,store,71.97
E002318,2024-03-13,EU,web,125.64
E002319,2024-03-13,EU,app,8.49
E002320,2024-03-13,EU,app,173.92
E002321,2024-03-13,EU,store,85.36
E002322,2024-03-13,EU,web,182.17
E002323,2024-03-13,EU,store,183.38
E002324,2024-03-13,EU,store,85.15
E002325,2024-03-13,EU,web,170.45
E002326,2024-03-13,EU,store,43.46
E002327,2024-03-13,EU,app,24.78
E002328,2024-03-13,EU,store,133.26
E002329,2024-03-13,EU,web,46.93
E002330,2024-03-13,EU,web,31.76
E002331,2024-03-13,EU,web,30.01
E002332,2024-03-13,EU,store,182.93
E002333,2024-03-13,EU,store,69.2
E002334,2024-03-13,EU,web,46.24
E002335,2024-03-13,EU,app,23.12
E002336,2024-03-13,EU,store,172.93
E002337,2024-03-13,EU,store,190.7
E002338,2024-03-13,EU,web,151.32
E002339,2024-03-13,EU,app,104.44
E002340,2024-03-13,EU,web,36.42
E002341,2024-03-13,EU,web,10.13
E002342,2024-03-13,EU,app,137.91
E002343,2024-03-13,EU,app,58.0
E002344,2024-03-13,EU,app,7.59
E002345,2024-03-13,EU,store,29.36
E002346,2024-03-13,EU,store,68.91
E002347,2024-03-13,EU,web,79.74
E002348,2024-03-13,EU,web,83.33
E002349,2024-03-13,EU,store,68.11
E002350,2024-03-13,EU,app,53.7
E002351,2024-03-13,EU,web,59.39
E002352,2024-03-13,EU,store,69.75
E002353,2024-03-13,EU,app,58.39
E002354,2024-03-13,EU,app,146.68
E002355,2024-03-13,EU,app,68.01
E002356,2024-03-13,EU,web,87.07
E002357,2024-03-13,APAC,web,168.78
E002358,2024-03-13,APAC,web,87.03
E002359,2024-03-13,APAC,app,96.42
E002360,2024-03-13,APAC,web,47.65
E002361,2024-03-13,APAC,store,166.62
E002362,2024-03-13,APAC,store,56.88
E002363,2024-03-13,APAC,store,38.01
E002364,2024-03-13,APAC,app,66.01
E002365,2024-03-13,APAC,store,49.35
E002366,2024-03-13,APAC,web,124.69
E002367,2024-03-13,APAC,web,187.7
E002368,2024-03-13,APAC,web,119.81
E002369,2024-03-13,APAC,store,90.53
E002370,2024-03-13,APAC,app,133.76
E002371,2024-03-13,APAC,store,191.46
E002372,2024-03-13,APAC,app,140.87
E002373,2024-03-13,APAC,store,141.71
E002374,2024-03-13,APAC,store,54.26
E002375,2024-03-13,APAC,web,17.83
E002376,2024-03-13,APAC,app,198.93
E002377,2024-03-13,APAC,store,122.99
E002378,2024-03-13,APAC,app,29.25
E002379,2024-03-13,APAC,web,92.0
E002380,2024-03-13,APAC,app,43.15
E002381,2024-03-13,APAC,app,22.4
E002382,2024-03-13,APAC,app,159.5
E002383,2024-03-13,APAC,app,17.3
E002384,2024-03-13,APAC,app,63.58
E002385,2024-03-13,APAC,web,110.73
E002386,2024-03-13,APAC,web,85.04
E002387,2024-03-13,APAC,app,173.86
E002388,2024-03-13,APAC,store,64.16
E002389,2024-03-13,APAC,app,154.51
E002390,2024-03-13,APAC,store,176.09
E002391,2024-03-13,APAC,store,38.01
E002392,2024-03-13,APAC,web,95.21
E002393,2024-03-13,APAC,web,193.68
E002394,2024-03-13,APAC,web,126.56
E002395,2024-03-13,APAC,app,68.7
E002396,2024-03-13,APAC,app,40.61
E002397,2024-03-13,APAC,store,114.06
E002398,2024-03-13,APAC,web,162.95
E002399,2024-03-13,APAC,store,163.63
E002400,2024-03-13,APAC,store,57.84
E002401,2024-03-13,APAC,app,196.05
E002402,2024-03-13,APAC,web,60.01
E002403,2024-03-14,NAM,web,161.62
E002404,2024-03-14,NAM,web,170.46
E002405,2024-03-14,NAM,app,79.88
E002406,2024-03-14,NAM,app,133.64
E002407,2024-03-14,NAM,app,117.77
E002408,2024-03-14,NAM,store,158.48
E002409,2024-03-14,NAM,store,152.59
E002410,2024-03-14,NAM,store,99.88
E002411,2024-03-14,NAM,web,140.83
E002412,2024-03-14,NAM,web,167.14
E002413,2024-03-14,NAM,app,34.69
E002414,2024-03-14,NAM,store,27.17
E002415,2024-03-14,NAM,web,166.29
E002416,2024-03-14,NAM,app,19.89
E002417,2024-03-14,NAM,store,56.94
E002418,2024-03-14,NAM,app,199.85
E002419,2024-03-14,NAM,web,20.98
E002420,2024-03-14,NAM,app,157.62
E002421,2024-03-14,NAM,web,86.73
E002422,2024-03-14,NAM,web,30.46
E002423,2024-03-14,NAM,store,30.99
E002424,2024-03-14,NAM,web,55.18
E002425,2024-03-14,NAM,app,63.3
E002426,2024-03-14,NAM,app,135.16
E002427,2024-03-14,NAM,app,117.4
E002428,2024-03-14,NAM,store,10.59
E002429,2024-03-14,NAM,app,43.58
E002430,2024-03-14,NAM,store,72.5
E002431,2024-03-14,NAM,app,125.67
E002432,2024-03-14,NAM,app,71.71
E002433,2024-03-14,NAM,web,127.23
E002434,2024-03-14,NAM,app,94.14
E002435,2024-03-14,NAM,web,85.09
E002436,2024-03-14,NAM,web,80.03
E002437,2024-03-14,NAM,app,122.14
E002438,2024-03-14,NAM,web,104.89
E002439,2024-03-14,NAM,web,143.34
E002440,2024-03-14,NAM,app,163.45
E002441,2024-03-14,NAM,store,71.53
E002442,2024-03-14,NAM,app,187.65
E002443,2024-03-14,NAM,store,162.08
E002444,2024-03-14,NAM,web,87.15
E002445,2024-03-14,NAM,store,169.42
E002446,2024-03-14,NAM,app,132.78
E002447,2024-03-14,NAM,app,176.21
E002448,2024-03-14,NAM,store,27.67
E002449,2024-03-14,NAM,app,154.68
E002450,2024-03-14,NAM,app,21.1
E002451,2024-03-14,NAM,app,198.6
E002452,2024-03-14,NAM,app,51.61
E002453,2024-03-14,NAM,web,61.44
E002454,2024-03-14,NAM,web,72.15
E002455,2024-03-14,NAM,store,89.26
E002456,2024-03-14,NAM,web,167.51
E002457,2024-03-14,NAM,web,119.91
E002458,2024-03-14,NAM,app,26.26
E002459,2024-03-14,NAM,app,190.44
E002460,2024-03-14,NAM,web,72.68
E002461,2024-03-14,NAM,store,70.45
E002462,2024-03-14,NAM,store,129.72
E002463,2024-03-14,NAM,store,22.55
E002464,2024-03-14,NAM,app,18.83
E002465,2024-03-14,NAM,store,29.82
E002466,2024-03-14,NAM,app,62.69
E002467,2024-03-14,NAM,store,66.02
E002468,2024-03-14,NAM,web,93.91
E002469,2024-03-14,NAM,web,70.41
E002470,2024-03-14,EU,app,138.13
E002471,2024-03-14,EU,app,13.19
E002472,2024-03-14,EU,app,89.01
E002473,2024-03-14,EU,store,184.99
E002474,2024-03-14,EU,app,16.21
E002475,2024-03-14,EU,web,24.33
E002476,2024-03-14,EU,web,85.34
E002477,2024-03-14,EU,store,170.05
E002478,2024-03-14,EU,app,22.12
E002479,2024-03-14,EU,store,75.53
E002480,2024-03-14,EU,store,93.35
E002481,2024-03-14,EU,web,151.99
E002482,2024-03-14,EU,app,185.64
E002483,2024-03-14,EU,web,97.94
E002484,2024-03-14,EU,app,141.05
E002485,2024-03-14,EU,app,58.92
E002486,2024-03-14,EU,store,86.11
E002487,2024-03-14,EU,store,98.24
E002488,2024-03-14,EU,app,44.62
E002489,2024-03-14,EU,web,172.97
E002490,2024-03-14,EU,store,87.34
E002491,2024-03-14,EU,app,156.12
E002492,2024-03-14,EU,web,35.98
E002493,2024-03-14,EU,store,199.61
E002494,2024-03-14,EU,store,124.72
E002495,2024-03-14,EU,web,56.41
E002496,2024-03-14,EU,web,101.46
E002497,2024-03-14,EU,web,122.82
E002498,2024-03-14,EU,store,144.23
E002499,2024-03-14,EU,app,190.31
E002500,2024-03-14,EU,app,51.33
E002501,2024-03-14,EU,web,123.87
E002502,2024-03-14,EU,web,66.5
E002503,2024-03-14,EU,app,103.38
E002504,2024-03-14,EU,app,182.19
E002505,2024-03-14,EU,store,188.47
E002506,2024-03-14,EU,web,72.59
E002507,2024-03-14,EU,store,177.35
E002508,2024-03-14,EU,app,39.03
E002509,2024-03-14,EU,store,190.88
E002510,2024-03-14,EU,store,138.02
E002511,2024-03-14,EU,web,140.43
E002512,2024-03-14,EU,app,134.96
E002513,2024-03-14,EU,store,196.71
E002514,2024-03-14,EU,web,12.3
E002515,2024-03-14,EU,web,43.15
E002516,2024-03-14,EU,app,87.66
E002517,2024-03-14,EU,app,21.09
E002518,2024-03-14,EU,web,117.95
E002519,2024-03-14,EU,web,83.48
E002520,2024-03-14,EU,app,96.06
E002521,2024-03-14,EU,store,176.16
E002522,2024-03-14,EU,app,101.42
E002523,2024-03-14,EU,store,74.81
E002524,2024-03-14,EU,store,61.95
E002525,2024-03-14,APAC,web,75.44
E002526,2024-03-14,APAC,app,39.91
E002527,2024-03-14,APAC,app,26.81
E002528,2024-03-14,APAC,app,174.37
E002529,2024-03-14,APAC,app,23.54
E002530,2024-03-14,APAC,app,68.93
E002531,2024-03-14,APAC,app,35.45
E002532,2024-03-14,APAC,web,98.72
E002533,2024-03-14,APAC,web,34.58
E002534,2024-03-14,APAC,web,141.95
E002535,2024-03-14,APAC,app,136.05
E002536,2024-03-14,APAC,app,96.64
E002537,2024-03-14,APAC,store,65.59
E002538,2024-03-14,APAC,app,88.13
E002539,2024-03-14,APAC,web,71.77
E002540,2024-03-14,APAC,app,166.11
E002541,2024-03-14,APAC,app,48.01
E002542,2024-03-14,APAC,web,72.13
E002543,2024-03-14,APAC,store,170.28
E002544,2024-03-14,APAC,store,115.18
E002545,2024-03-14,APAC,store,131.52
E002546,2024-03-14,APAC,app,166.16
E002547,2024-03-14,APAC,store,135.17
E002548,2024-03-14,APAC,web,143.43
E002549,2024-03-14,APAC,store,33.24
E002550,2024-03-14,APAC,app,123.45
E002551,2024-03-14,APAC,web,76.76
E002552,2024-03-14,APAC,web,111.18
E002553,2024-03-14,APAC,app,33.57
E002554,2024-03-14,APAC,store,19.37
E002555,2024-03-14,APAC,app,188.9
E002556,2024-03-14,APAC,app,14.01
E002557,2024-03-14,APAC,web,10.32
E002558,2024-03-14,APAC,app,112.45
E002559,2024-03-14,APAC,app,133.53
E002560,2024-03-14,APAC,web,75.39
E002561,2024-03-14,APAC,store,55.36
E002562,2024-03-14,APAC,app,19.61
E002563,2024-03-14,APAC,web,58.41
E002564,2024-03-14,APAC,web,37.13
E002565,2024-03-14,APAC,web,111.12
E002566,2024-03-14,APAC,web,90.34
E002567,2024-03-14,APAC,app,102.04
E002568,2024-03-14,APAC,store,110.2
E002569,2024-03-14,APAC,app,171.42
E002570,2024-03-14,APAC,store,119.02
E002571,2024-03-14,APAC,store,94.55
E002572,2024-03-14,APAC,web,11.29
E002573,2024-03-14,APAC,store,17.68
E002574,2024-03-14,APAC,app,110.22
